Country,Year,deaths_tb,deaths_tb_HIV
Country,NaN,"Number of deaths due to tuberculosis, excluding HIV",Deaths due to tuberculosis among HIV-negative people (per 100 000 population)
Afghanistan,2015,"12 000 ",37 
Afghanistan,2014,"13 000 ",41 
Afghanistan,2013,"13 000 ",41 
Afghanistan,2012,"13 000 ",42 
Afghanistan,2011,"12 000 ",42 
Afghanistan,2010,"11 000 ",41 
Afghanistan,2009,"12 000 ",43 
Afghanistan,2008,"10 000 ",39 
Afghanistan,2007,"9 500 ",37 
Afghanistan,2006,"10 000 ",41 
Afghanistan,2005,"11 000 ",45 
Afghanistan,2004,"12 000 ",50 
Afghanistan,2003,"13 000 ",56 
Afghanistan,2002,"12 000 ",55 
Afghanistan,2001,"13 000 ",61 
Afghanistan,2000,"13 000 ",67 
Albania,2015,"10 ",0.4 
Albania,2014,"10 ",0.4 
Albania,2013,"6 ",0.2 
Albania,2012,"5 ",0.2 
Albania,2011,"6 ",0.2 
Albania,2010,"6 ",0.2 
Albania,2009,"6 ",0.2 
Albania,2008,"21 ",0.7 
Albania,2007,"10 ",0.3 
Albania,2006,"8 ",0.3 
Albania,2005,"9 ",0.3 
Albania,2004,"30 ",1.0 
Albania,2003,"21 ",0.7 
Albania,2002,"23 ",0.7 
Albania,2001,"24 ",0.8 
Albania,2000,"27 ",0.9 
Algeria,2015,"3 200 ",8.2 
Algeria,2014,"3 100 ",7.9 
Algeria,2013,"2 800 ",7.4 
Algeria,2012,"3 000 ",8.0 
Algeria,2011,"2 900 ",8.0 
Algeria,2010,"3 100 ",8.5 
Algeria,2009,"3 000 ",8.4 
Algeria,2008,"2 800 ",8.1 
Algeria,2007,"2 900 ",8.5 
Algeria,2006,"2 900 ",8.6 
Algeria,2005,"2 900 ",8.8 
Algeria,2004,"2 700 ",8.3 
Algeria,2003,"2 700 ",8.3 
Algeria,2002,"2 600 ",8.1 
Algeria,2001,"2 500 ",7.9 
Algeria,2000,"2 500 ",8.2 
Andorra,2015,"0 ",0.5 
Andorra,2014,"1 ",0.8 
Andorra,2013,"0 ",0.6 
Andorra,2012,"1 ",1.1 
Andorra,2011,"0 ",0.3 
Andorra,2010,"1 ",0.8 
Andorra,2009,"1 ",0.9 
Andorra,2008,"0 ",0.4 
Andorra,2007,"0 ",0.6 
Andorra,2006,"1 ",1.4 
Andorra,2005,"1 ",1.2 
Andorra,2004,"1 ",0.8 
Andorra,2003,"1 ",1.4 
Andorra,2002,"0 ",0.7 
Andorra,2001,"1 ",1.4 
Andorra,2000,"1 ",1.7 
Angola,2015,"11 000 ",45 
Angola,2014,"12 000 ",50 
Angola,2013,"10 000 ",43 
Angola,2012,"11 000 ",51 
Angola,2011,"12 000 ",55 
Angola,2010,"12 000 ",58 
Angola,2009,"12 000 ",61 
Angola,2008,"11 000 ",54 
Angola,2007,"11 000 ",56 
Angola,2006,"7 200 ",39 
Angola,2005,"10 000 ",56 
Angola,2004,"8 900 ",51 
Angola,2003,"7 200 ",43 
Angola,2002,"7 800 ",48 
Angola,2001,"9 200 ",59 
Angola,2000,"10 000 ",67 
Antigua and Barbuda,2015,"1 ",1.3 
Antigua and Barbuda,2014,"1 ",0.7 
Antigua and Barbuda,2013,"1 ",1.4 
Antigua and Barbuda,2012,"1 ",1.4 
Antigua and Barbuda,2011,"1 ",1.4 
Antigua and Barbuda,2010,"1 ",1.5 
Antigua and Barbuda,2009,"1 ",1.5 
Antigua and Barbuda,2008,"1 ",1.5 
Antigua and Barbuda,2007,"1 ",1.4 
Antigua and Barbuda,2006,"1 ",1.4 
Antigua and Barbuda,2005,"1 ",1.4 
Antigua and Barbuda,2004,"1 ",1.4 
Antigua and Barbuda,2003,"1 ",1.5 
Antigua and Barbuda,2002,"1 ",1.6 
Antigua and Barbuda,2001,"1 ",1.5 
Antigua and Barbuda,2000,"1 ",1.8 
Argentina,2015,"700 ",1.6 
Argentina,2014,"690 ",1.6 
Argentina,2013,"670 ",1.6 
Argentina,2012,"630 ",1.5 
Argentina,2011,"690 ",1.7 
Argentina,2010,"580 ",1.4 
Argentina,2009,"680 ",1.7 
Argentina,2008,"660 ",1.6 
Argentina,2007,"740 ",1.9 
Argentina,2006,"740 ",1.9 
Argentina,2005,"770 ",2.0 
Argentina,2004,"760 ",2.0 
Argentina,2003,"830 ",2.2 
Argentina,2002,"890 ",2.4 
Argentina,2001,"860 ",2.3 
Argentina,2000,"890 ",2.4 
Armenia,2015,"92 ",3.0 
Armenia,2014,"100 ",3.5 
Armenia,2013,"140 ",4.7 
Armenia,2012,"180 ",6.0 
Armenia,2011,"160 ",5.3 
Armenia,2010,"210 ",7.1 
Armenia,2009,"220 ",7.3 
Armenia,2008,"260 ",8.6 
Armenia,2007,"260 ",8.7 
Armenia,2006,"260 ",8.7 
Armenia,2005,"260 ",8.5 
Armenia,2004,"250 ",8.2 
Armenia,2003,"240 ",8.0 
Armenia,2002,"260 ",8.6 
Armenia,2001,"180 ",6.0 
Armenia,2000,"190 ",6.3 
Australia,2015,"44 ",0.2 
Australia,2014,"47 ",0.2 
Australia,2013,"51 ",0.2 
Australia,2012,"35 ",0.2 
Australia,2011,"55 ",0.3 
Australia,2010,"55 ",0.3 
Australia,2009,"57 ",0.3 
Australia,2008,"64 ",0.3 
Australia,2007,"52 ",0.3 
Australia,2006,"61 ",0.3 
Australia,2005,"62 ",0.3 
Australia,2004,"64 ",0.3 
Australia,2003,"53 ",0.3 
Australia,2002,"67 ",0.4 
Australia,2001,"87 ",0.5 
Australia,2000,"55 ",0.3 
Austria,2015,"78 ",0.9 
Austria,2014,"71 ",0.8 
Austria,2013,"68 ",0.8 
Austria,2012,"42 ",0.5 
Austria,2011,"55 ",0.7 
Austria,2010,"39 ",0.5 
Austria,2009,"48 ",0.6 
Austria,2008,"49 ",0.6 
Austria,2007,"47 ",0.6 
Austria,2006,"57 ",0.7 
Austria,2005,"54 ",0.7 
Austria,2004,"45 ",0.6 
Austria,2003,"45 ",0.6 
Austria,2002,"67 ",0.8 
Austria,2001,"57 ",0.7 
Austria,2000,"75 ",0.9 
Azerbaijan,2015,"38 ",0.4 
Azerbaijan,2014,"45 ",0.5 
Azerbaijan,2013,"59 ",0.6 
Azerbaijan,2012,"67 ",0.7 
Azerbaijan,2011,"35 ",0.4 
Azerbaijan,2010,"110 ",1.2 
Azerbaijan,2009,"110 ",1.3 
Azerbaijan,2008,"220 ",2.4 
Azerbaijan,2007,"340 ",3.9 
Azerbaijan,2006,"640 ",7.4 
Azerbaijan,2005,"940 ",11 
Azerbaijan,2004,"1 200 ",14 
Azerbaijan,2003,"1 400 ",17 
Azerbaijan,2002,"1 500 ",18 
Azerbaijan,2001,"1 600 ",20 
Azerbaijan,2000,"1 800 ",22 
Bahamas,2015,"2 ",0.5 
Bahamas,2014,"2 ",0.4 
Bahamas,2013,"1 ",0.3 
Bahamas,2012,"1 ",0.3 
Bahamas,2011,"5 ",1.4 
Bahamas,2010,"2 ",0.6 
Bahamas,2009,"2 ",0.6 
Bahamas,2008,"4 ",1.2 
Bahamas,2007,"3 ",0.9 
Bahamas,2006,"2 ",0.6 
Bahamas,2005,"4 ",1.2 
Bahamas,2004,"7 ",2.1 
Bahamas,2003,"3 ",1.1 
Bahamas,2002,"4 ",1.4 
Bahamas,2001,"5 ",1.7 
Bahamas,2000,"8 ",2.6 
Bahrain,2015,"6 ",0.4 
Bahrain,2014,"7 ",0.5 
Bahrain,2013,"6 ",0.5 
Bahrain,2012,"5 ",0.4 
Bahrain,2011,"3 ",0.2 
Bahrain,2010,"10 ",0.8 
Bahrain,2009,"8 ",0.7 
Bahrain,2008,"7 ",0.7 
Bahrain,2007,"9 ",0.9 
Bahrain,2006,"5 ",0.5 
Bahrain,2005,"9 ",1.1 
Bahrain,2004,"9 ",1.2 
Bahrain,2003,"2 ",0.3 
Bahrain,2002,"11 ",1.5 
Bahrain,2001,"12 ",1.8 
Bahrain,2000,"17 ",2.6 
Bangladesh,2015,"73 000 ",45 
Bangladesh,2014,"79 000 ",50 
Bangladesh,2013,"78 000 ",49 
Bangladesh,2012,"82 000 ",53 
Bangladesh,2011,"86 000 ",56 
Bangladesh,2010,"85 000 ",56 
Bangladesh,2009,"80 000 ",54 
Bangladesh,2008,"83 000 ",56 
Bangladesh,2007,"83 000 ",56 
Bangladesh,2006,"82 000 ",56 
Bangladesh,2005,"89 000 ",62 
Bangladesh,2004,"97 000 ",69 
Bangladesh,2003,"99 000 ",71 
Bangladesh,2002,"98 000 ",72 
Bangladesh,2001,"99 000 ",74 
Bangladesh,2000,"97 000 ",74 
Barbados,2015,"1 ",0.3 
Barbados,2014,"1 ",0.3 
Barbados,2013,"1 ",0.3 
Barbados,2012,"1 ",0.4 
Barbados,2011,"1 ",0.4 
Barbados,2010,"1 ",0.4 
Barbados,2009,"1 ",0.4 
Barbados,2008,"1 ",0.4 
Barbados,2007,"3 ",1.1 
Barbados,2006,"2 ",0.8 
Barbados,2005,"2 ",0.8 
Barbados,2004,"2 ",0.8 
Barbados,2003,"1 ",0.4 
Barbados,2002,"1 ",0.4 
Barbados,2001,"1 ",0.5 
Barbados,2000,"1 ",0.4 
Belarus,2015,"450 ",4.8 
Belarus,2014,"510 ",5.3 
Belarus,2013,"640 ",6.8 
Belarus,2012,"750 ",7.9 
Belarus,2011,"850 ",8.9 
Belarus,2010,"870 ",9.2 
Belarus,2009,"860 ",9.1 
Belarus,2008,"950 ",10 
Belarus,2007,"1 000 ",11 
Belarus,2006,"1 000 ",11 
Belarus,2005,"1 100 ",11 
Belarus,2004,"1 100 ",11 
Belarus,2003,"1 100 ",12 
Belarus,2002,"1 000 ",11 
Belarus,2001,"910 ",9.2 
Belarus,2000,"800 ",8.1 
Belgium,2015,"54 ",0.5 
Belgium,2014,"55 ",0.5 
Belgium,2013,"56 ",0.5 
Belgium,2012,"59 ",0.5 
Belgium,2011,"53 ",0.5 
Belgium,2010,"60 ",0.6 
Belgium,2009,"60 ",0.6 
Belgium,2008,"78 ",0.7 
Belgium,2007,"86 ",0.8 
Belgium,2006,"61 ",0.6 
Belgium,2005,"90 ",0.9 
Belgium,2004,"74 ",0.7 
Belgium,2003,"94 ",0.9 
Belgium,2002,"83 ",0.8 
Belgium,2001,"100 ",1.0 
Belgium,2000,"100 ",1.0 
Belize,2015,"9 ",2.4 
Belize,2014,"9 ",2.6 
Belize,2013,"15 ",4.4 
Belize,2012,"7 ",2.1 
Belize,2011,"12 ",3.7 
Belize,2010,"13 ",4.1 
Belize,2009,"13 ",4.2 
Belize,2008,"16 ",5.1 
Belize,2007,"8 ",2.7 
Belize,2006,"16 ",5.6 
Belize,2005,"6 ",2.1 
Belize,2004,"8 ",3.0 
Belize,2003,"15 ",5.7 
Belize,2002,"17 ",6.6 
Belize,2001,"21 ",8.4 
Belize,2000,"9 ",3.7 
Benin,2015,"1 000 ",9.5 
Benin,2014,"1 100 ",9.9 
Benin,2013,"1 100 ",10 
Benin,2012,"1 100 ",10 
Benin,2011,"960 ",9.8 
Benin,2010,"1 100 ",11 
Benin,2009,"1 000 ",11 
Benin,2008,"940 ",11 
Benin,2007,"980 ",11 
Benin,2006,"980 ",12 
Benin,2005,"1 100 ",13 
Benin,2004,"1 100 ",14 
Benin,2003,"1 200 ",15 
Benin,2002,"1 200 ",16 
Benin,2001,"1 300 ",18 
Benin,2000,"1 300 ",18 
Bhutan,2015,"120 ",16 
Bhutan,2014,"130 ",18 
Bhutan,2013,"140 ",18 
Bhutan,2012,"140 ",19 
Bhutan,2011,"160 ",21 
Bhutan,2010,"170 ",23 
Bhutan,2009,"140 ",20 
Bhutan,2008,"120 ",18 
Bhutan,2007,"130 ",19 
Bhutan,2006,"120 ",18 
Bhutan,2005,"130 ",20 
Bhutan,2004,"130 ",21 
Bhutan,2003,"140 ",22 
Bhutan,2002,"150 ",24 
Bhutan,2001,"140 ",24 
Bhutan,2000,"150 ",27 
Bolivia (Plurinational State of),2015,"340 ",3.2 
Bolivia (Plurinational State of),2014,"340 ",3.2 
Bolivia (Plurinational State of),2013,"330 ",3.2 
Bolivia (Plurinational State of),2012,"350 ",3.4 
Bolivia (Plurinational State of),2011,"350 ",3.4 
Bolivia (Plurinational State of),2010,"370 ",3.7 
Bolivia (Plurinational State of),2009,"350 ",3.6 
Bolivia (Plurinational State of),2008,"350 ",3.7 
Bolivia (Plurinational State of),2007,"400 ",4.2 
Bolivia (Plurinational State of),2006,"380 ",4.1 
Bolivia (Plurinational State of),2005,"350 ",3.8 
Bolivia (Plurinational State of),2004,"360 ",4.0 
Bolivia (Plurinational State of),2003,"370 ",4.2 
Bolivia (Plurinational State of),2002,"550 ",6.3 
Bolivia (Plurinational State of),2001,"530 ",6.3 
Bolivia (Plurinational State of),2000,"590 ",7.1 
Bosnia and Herzegovina,2015,"120 ",3.0 
Bosnia and Herzegovina,2014,"140 ",3.6 
Bosnia and Herzegovina,2013,"160 ",4.1 
Bosnia and Herzegovina,2012,"170 ",4.6 
Bosnia and Herzegovina,2011,"190 ",5.0 
Bosnia and Herzegovina,2010,"240 ",6.1 
Bosnia and Herzegovina,2009,"180 ",4.7 
Bosnia and Herzegovina,2008,"210 ",5.6 
Bosnia and Herzegovina,2007,"100 ",2.7 
Bosnia and Herzegovina,2006,"250 ",6.5 
Bosnia and Herzegovina,2005,"200 ",5.3 
Bosnia and Herzegovina,2004,"180 ",4.7 
Bosnia and Herzegovina,2003,"330 ",8.6 
Bosnia and Herzegovina,2002,"370 ",9.8 
Bosnia and Herzegovina,2001,"250 ",6.6 
Bosnia and Herzegovina,2000,"300 ",7.9 
Botswana,2015,"590 ",26 
Botswana,2014,"510 ",23 
Botswana,2013,"460 ",21 
Botswana,2012,"520 ",25 
Botswana,2011,"620 ",30 
Botswana,2010,"620 ",30 
Botswana,2009,"500 ",25 
Botswana,2008,"490 ",25 
Botswana,2007,"660 ",34 
Botswana,2006,"630 ",33 
Botswana,2005,"530 ",29 
Botswana,2004,"600 ",33 
Botswana,2003,"700 ",39 
Botswana,2002,"720 ",40 
Botswana,2001,"840 ",47 
Botswana,2000,"900 ",52 
Brazil,2015,"5 500 ",2.7 
Brazil,2014,"5 600 ",2.7 
Brazil,2013,"5 700 ",2.8 
Brazil,2012,"5 500 ",2.7 
Brazil,2011,"5 700 ",2.8 
Brazil,2010,"5 800 ",2.9 
Brazil,2009,"5 900 ",3.0 
Brazil,2008,"6 200 ",3.2 
Brazil,2007,"6 100 ",3.2 
Brazil,2006,"6 300 ",3.3 
Brazil,2005,"6 500 ",3.4 
Brazil,2004,"7 300 ",3.9 
Brazil,2003,"7 400 ",4.0 
Brazil,2002,"7 600 ",4.2 
Brazil,2001,"8 100 ",4.5 
Brazil,2000,"8 300 ",4.7 
Brunei Darussalam,2015,"23 ",5.3 
Brunei Darussalam,2014,"20 ",4.8 
Brunei Darussalam,2013,"22 ",5.4 
Brunei Darussalam,2012,"17 ",4.1 
Brunei Darussalam,2011,"7 ",1.8 
Brunei Darussalam,2010,"15 ",3.7 
Brunei Darussalam,2009,"13 ",3.3 
Brunei Darussalam,2008,"10 ",2.5 
Brunei Darussalam,2007,"10 ",2.6 
Brunei Darussalam,2006,"10 ",2.8 
Brunei Darussalam,2005,"12 ",3.4 
Brunei Darussalam,2004,"13 ",3.5 
Brunei Darussalam,2003,"9 ",2.7 
Brunei Darussalam,2002,"11 ",3.1 
Brunei Darussalam,2001,"14 ",4.2 
Brunei Darussalam,2000,"16 ",4.9 
Bulgaria,2015,"90 ",1.3 
Bulgaria,2014,"100 ",1.4 
Bulgaria,2013,"150 ",2.1 
Bulgaria,2012,"170 ",2.4 
Bulgaria,2011,"170 ",2.4 
Bulgaria,2010,"200 ",2.8 
Bulgaria,2009,"200 ",2.7 
Bulgaria,2008,"240 ",3.2 
Bulgaria,2007,"280 ",3.7 
Bulgaria,2006,"280 ",3.6 
Bulgaria,2005,"280 ",3.7 
Bulgaria,2004,"280 ",3.7 
Bulgaria,2003,"290 ",3.7 
Bulgaria,2002,"300 ",3.8 
Bulgaria,2001,"310 ",4.0 
Bulgaria,2000,"350 ",4.4 
Burkina Faso,2015,"1 600 ",9.0 
Burkina Faso,2014,"1 600 ",9.3 
Burkina Faso,2013,"1 600 ",9.3 
Burkina Faso,2012,"1 600 ",9.6 
Burkina Faso,2011,"1 500 ",9.5 
Burkina Faso,2010,"1 600 ",10 
Burkina Faso,2009,"1 600 ",11 
Burkina Faso,2008,"1 600 ",11 
Burkina Faso,2007,"1 600 ",11 
Burkina Faso,2006,"1 500 ",11 
Burkina Faso,2005,"1 500 ",11 
Burkina Faso,2004,"1 600 ",12 
Burkina Faso,2003,"1 600 ",12 
Burkina Faso,2002,"1 500 ",12 
Burkina Faso,2001,"1 400 ",12 
Burkina Faso,2000,"1 400 ",12 
Burundi,2015,"2 700 ",24 
Burundi,2014,"2 600 ",24 
Burundi,2013,"2 400 ",23 
Burundi,2012,"2 500 ",24 
Burundi,2011,"2 500 ",25 
Burundi,2010,"2 200 ",23 
Burundi,2009,"2 300 ",25 
Burundi,2008,"2 500 ",28 
Burundi,2007,"2 700 ",32 
Burundi,2006,"2 800 ",34 
Burundi,2005,"2 800 ",35 
Burundi,2004,"2 900 ",38 
Burundi,2003,"3 100 ",42 
Burundi,2002,"3 400 ",47 
Burundi,2001,"3 600 ",52 
Burundi,2000,"3 800 ",57 
Côte d'Ivoire,2015,"5 000 ",22 
Côte d'Ivoire,2014,"4 800 ",22 
Côte d'Ivoire,2013,"4 500 ",21 
Côte d'Ivoire,2012,"4 900 ",23 
Côte d'Ivoire,2011,"5 600 ",27 
Côte d'Ivoire,2010,"5 800 ",29 
Côte d'Ivoire,2009,"6 100 ",31 
Côte d'Ivoire,2008,"6 000 ",31 
Côte d'Ivoire,2007,"6 700 ",36 
Côte d'Ivoire,2006,"7 900 ",43 
Côte d'Ivoire,2005,"8 800 ",48 
Côte d'Ivoire,2004,"9 300 ",52 
Côte d'Ivoire,2003,"11 000 ",61 
Côte d'Ivoire,2002,"12 000 ",68 
Côte d'Ivoire,2001,"12 000 ",72 
Côte d'Ivoire,2000,"13 000 ",79 
Cabo Verde,2015,"27 ",5.3 
Cabo Verde,2014,"27 ",5.3 
Cabo Verde,2013,"27 ",5.2 
Cabo Verde,2012,"19 ",3.8 
Cabo Verde,2011,"27 ",5.4 
Cabo Verde,2010,"29 ",5.8 
Cabo Verde,2009,"31 ",6.3 
Cabo Verde,2008,"31 ",6.4 
Cabo Verde,2007,"36 ",7.5 
Cabo Verde,2006,"38 ",7.9 
Cabo Verde,2005,"37 ",7.7 
Cabo Verde,2004,"36 ",7.7 
Cabo Verde,2003,"34 ",7.4 
Cabo Verde,2002,"43 ",9.5 
Cabo Verde,2001,"35 ",7.9 
Cabo Verde,2000,"36 ",8.2 
Cambodia,2015,"8 600 ",55 
Cambodia,2014,"8 900 ",58 
Cambodia,2013,"9 200 ",61 
Cambodia,2012,"9 500 ",64 
Cambodia,2011,"9 900 ",68 
Cambodia,2010,"10 000 ",72 
Cambodia,2009,"11 000 ",77 
Cambodia,2008,"12 000 ",83 
Cambodia,2007,"13 000 ",92 
Cambodia,2006,"14 000 ",101 
Cambodia,2005,"15 000 ",111 
Cambodia,2004,"16 000 ",122 
Cambodia,2003,"17 000 ",134 
Cambodia,2002,"18 000 ",144 
Cambodia,2001,"19 000 ",153 
Cambodia,2000,"20 000 ",161 
Cameroon,2015,"6 900 ",30 
Cameroon,2014,"7 000 ",31 
Cameroon,2013,"7 600 ",34 
Cameroon,2012,"7 800 ",36 
Cameroon,2011,"8 000 ",38 
Cameroon,2010,"8 600 ",42 
Cameroon,2009,"8 700 ",43 
Cameroon,2008,"8 300 ",43 
Cameroon,2007,"8 600 ",45 
Cameroon,2006,"8 800 ",48 
Cameroon,2005,"9 300 ",51 
Cameroon,2004,"10 000 ",57 
Cameroon,2003,"10 000 ",59 
Cameroon,2002,"11 000 ",66 
Cameroon,2001,"11 000 ",64 
Cameroon,2000,"11 000 ",71 
Canada,2015,"110 ",0.3 
Canada,2014,"100 ",0.3 
Canada,2013,"110 ",0.3 
Canada,2012,"110 ",0.3 
Canada,2011,"99 ",0.3 
Canada,2010,"91 ",0.3 
Canada,2009,"85 ",0.3 
Canada,2008,"130 ",0.4 
Canada,2007,"130 ",0.4 
Canada,2006,"130 ",0.4 
Canada,2005,"130 ",0.4 
Canada,2004,"100 ",0.3 
Canada,2003,"130 ",0.4 
Canada,2002,"140 ",0.5 
Canada,2001,"150 ",0.5 
Canada,2000,"140 ",0.5 
Central African Republic,2015,"2 200 ",45 
Central African Republic,2014,"2 000 ",41 
Central African Republic,2013,"2 000 ",43 
Central African Republic,2012,"2 200 ",48 
Central African Republic,2011,"2 800 ",62 
Central African Republic,2010,"2 700 ",61 
Central African Republic,2009,"2 500 ",58 
Central African Republic,2008,"3 100 ",73 
Central African Republic,2007,"3 400 ",81 
Central African Republic,2006,"3 700 ",91 
Central African Republic,2005,"4 500 ",111 
Central African Republic,2004,"4 600 ",117 
Central African Republic,2003,"4 900 ",125 
Central African Republic,2002,"5 100 ",131 
Central African Republic,2001,"5 600 ",149 
Central African Republic,2000,"5 800 ",157 
Chad,2015,"3 200 ",23 
Chad,2014,"3 100 ",23 
Chad,2013,"2 700 ",21 
Chad,2012,"2 700 ",21 
Chad,2011,"2 500 ",20 
Chad,2010,"2 600 ",22 
Chad,2009,"2 600 ",23 
Chad,2008,"2 800 ",25 
Chad,2007,"2 900 ",27 
Chad,2006,"2 700 ",26 
Chad,2005,"2 500 ",24 
Chad,2004,"2 700 ",27 
Chad,2003,"2 600 ",28 
Chad,2002,"2 400 ",26 
Chad,2001,"2 300 ",27 
Chad,2000,"2 200 ",27 
Chile,2015,"470 ",2.6 
Chile,2014,"480 ",2.7 
Chile,2013,"480 ",2.7 
Chile,2012,"490 ",2.8 
Chile,2011,"470 ",2.7 
Chile,2010,"550 ",3.2 
Chile,2009,"500 ",2.9 
Chile,2008,"480 ",2.9 
Chile,2007,"570 ",3.5 
Chile,2006,"610 ",3.7 
Chile,2005,"620 ",3.8 
Chile,2004,"690 ",4.4 
Chile,2003,"660 ",4.2 
Chile,2002,"640 ",4.1 
Chile,2001,"660 ",4.3 
Chile,2000,"570 ",3.7 
China,2015,"35 000 ",2.6 
China,2014,"38 000 ",2.8 
China,2013,"41 000 ",3.0 
China,2012,"44 000 ",3.3 
China,2011,"48 000 ",3.5 
China,2010,"52 000 ",3.8 
China,2009,"56 000 ",4.2 
China,2008,"60 000 ",4.5 
China,2007,"64 000 ",4.9 
China,2006,"69 000 ",5.3 
China,2005,"75 000 ",5.7 
China,2004,"80 000 ",6.2 
China,2003,"87 000 ",6.7 
China,2002,"94 000 ",7.3 
China,2001,"100 000 ",8.0 
China,2000,"110 000 ",8.7 
Colombia,2015,"1 000 ",2.1 
Colombia,2014,"990 ",2.1 
Colombia,2013,"990 ",2.1 
Colombia,2012,"1 000 ",2.1 
Colombia,2011,"950 ",2.0 
Colombia,2010,"1 000 ",2.2 
Colombia,2009,"1 100 ",2.5 
Colombia,2008,"1 200 ",2.7 
Colombia,2007,"1 200 ",2.8 
Colombia,2006,"1 100 ",2.6 
Colombia,2005,"1 100 ",2.6 
Colombia,2004,"1 400 ",3.3 
Colombia,2003,"1 400 ",3.4 
Colombia,2002,"1 400 ",3.4 
Colombia,2001,"1 400 ",3.5 
Colombia,2000,"1 400 ",3.3 
Comoros,2015,"61 ",7.8 
Comoros,2014,"53 ",6.9 
Comoros,2013,"60 ",8.0 
Comoros,2012,"58 ",7.9 
Comoros,2011,"58 ",8.1 
Comoros,2010,"51 ",7.3 
Comoros,2009,"47 ",6.9 
Comoros,2008,"44 ",6.6 
Comoros,2007,"48 ",7.3 
Comoros,2006,"51 ",8.1 
Comoros,2005,"51 ",8.3 
Comoros,2004,"58 ",9.7 
Comoros,2003,"64 ",11 
Comoros,2002,"48 ",8.4 
Comoros,2001,"37 ",6.5 
Comoros,2000,"44 ",8.0 
Congo,2015,"2 300 ",49 
Congo,2014,"2 100 ",47 
Congo,2013,"1 900 ",42 
Congo,2012,"1 600 ",37 
Congo,2011,"1 500 ",37 
Congo,2010,"1 700 ",41 
Congo,2009,"1 700 ",43 
Congo,2008,"1 900 ",49 
Congo,2007,"1 800 ",48 
Congo,2006,"1 800 ",51 
Congo,2005,"1 400 ",40 
Congo,2004,"1 300 ",38 
Congo,2003,"1 500 ",46 
Congo,2002,"860 ",26 
Congo,2001,"670 ",21 
Congo,2000,"540 ",17 
Cook Islands,2015,"0 ",1.4 
Cook Islands,2014,"0 ",1.4 
Cook Islands,2013,"0 ",0.9 
Cook Islands,2012,"0 ",0.5 
Cook Islands,2011,"0 ",0.5 
Cook Islands,2010,"0 ",0
Cook Islands,2009,"0 ",0.9 
Cook Islands,2008,"0 ",0.9 
Cook Islands,2007,"0 ",0.7 
Cook Islands,2006,"0 ",0.5 
Cook Islands,2005,"0 ",0.5 
Cook Islands,2004,"0 ",0.5 
Cook Islands,2003,"0 ",0
Cook Islands,2002,"0 ",0.5 
Cook Islands,2001,"0 ",1.0 
Cook Islands,2000,"0 ",0.5 
Costa Rica,2015,"49 ",1.0 
Costa Rica,2014,"50 ",1.1 
Costa Rica,2013,"44 ",0.9 
Costa Rica,2012,"54 ",1.2 
Costa Rica,2011,"67 ",1.4 
Costa Rica,2010,"52 ",1.1 
Costa Rica,2009,"49 ",1.1 
Costa Rica,2008,"67 ",1.5 
Costa Rica,2007,"45 ",1.0 
Costa Rica,2006,"64 ",1.5 
Costa Rica,2005,"68 ",1.6 
Costa Rica,2004,"79 ",1.9 
Costa Rica,2003,"88 ",2.1 
Costa Rica,2002,"89 ",2.2 
Costa Rica,2001,"86 ",2.2 
Costa Rica,2000,"84 ",2.1 
Croatia,2015,"33 ",0.8 
Croatia,2014,"40 ",1.0 
Croatia,2013,"54 ",1.3 
Croatia,2012,"60 ",1.4 
Croatia,2011,"66 ",1.5 
Croatia,2010,"83 ",1.9 
Croatia,2009,"120 ",2.8 
Croatia,2008,"100 ",2.4 
Croatia,2007,"100 ",2.3 
Croatia,2006,"140 ",3.3 
Croatia,2005,"120 ",2.7 
Croatia,2004,"170 ",3.8 
Croatia,2003,"160 ",3.7 
Croatia,2002,"180 ",4.2 
Croatia,2001,"150 ",3.4 
Croatia,2000,"190 ",4.2 
Cuba,2015,"47 ",0.4 
Cuba,2014,"46 ",0.4 
Cuba,2013,"47 ",0.4 
Cuba,2012,"42 ",0.4 
Cuba,2011,"42 ",0.4 
Cuba,2010,"46 ",0.4 
Cuba,2009,"38 ",0.3 
Cuba,2008,"48 ",0.4 
Cuba,2007,"40 ",0.4 
Cuba,2006,"47 ",0.4 
Cuba,2005,"43 ",0.4 
Cuba,2004,"45 ",0.4 
Cuba,2003,"54 ",0.5 
Cuba,2002,"39 ",0.4 
Cuba,2001,"40 ",0.4 
Cuba,2000,"55 ",0.5 
Cyprus,2015,"1 ",0.1 
Cyprus,2014,"1 ",0.1 
Cyprus,2013,"1 ",0.1 
Cyprus,2012,"5 ",0.4 
Cyprus,2011,"4 ",0.3 
Cyprus,2010,"1 ",0.1 
Cyprus,2009,"1 ",0.1 
Cyprus,2008,"3 ",0.2 
Cyprus,2007,"1 ",0.1 
Cyprus,2006,"3 ",0.2 
Cyprus,2005,"5 ",0.5 
Cyprus,2004,"4 ",0.4 
Cyprus,2003,"3 ",0.3 
Cyprus,2002,"2 ",0.2 
Cyprus,2001,"1 ",0.1 
Cyprus,2000,"0 ",0
Czechia,2015,"39 ",0.4 
Czechia,2014,"39 ",0.4 
Czechia,2013,"67 ",0.6 
Czechia,2012,"30 ",0.3 
Czechia,2011,"56 ",0.5 
Czechia,2010,"40 ",0.4 
Czechia,2009,"52 ",0.5 
Czechia,2008,"54 ",0.5 
Czechia,2007,"71 ",0.7 
Czechia,2006,"62 ",0.6 
Czechia,2005,"70 ",0.7 
Czechia,2004,"70 ",0.7 
Czechia,2003,"82 ",0.8 
Czechia,2002,"84 ",0.8 
Czechia,2001,"95 ",0.9 
Czechia,2000,"130 ",1.2 
Democratic People's Republic of Korea,2015,"15 000 ",61 
Democratic People's Republic of Korea,2014,"14 000 ",56 
Democratic People's Republic of Korea,2013,"13 000 ",54 
Democratic People's Republic of Korea,2012,"13 000 ",51 
Democratic People's Republic of Korea,2011,"13 000 ",51 
Democratic People's Republic of Korea,2010,"12 000 ",47 
Democratic People's Republic of Korea,2009,"10 000 ",43 
Democratic People's Republic of Korea,2008,"9 900 ",41 
Democratic People's Republic of Korea,2007,"8 100 ",33 
Democratic People's Republic of Korea,2006,"6 100 ",26 
Democratic People's Republic of Korea,2005,"5 900 ",25 
Democratic People's Republic of Korea,2004,"6 100 ",26 
Democratic People's Republic of Korea,2003,"6 800 ",29 
Democratic People's Republic of Korea,2002,"5 500 ",24 
Democratic People's Republic of Korea,2001,"4 000 ",17 
Democratic People's Republic of Korea,2000,"4 700 ",21 
Democratic Republic of the Congo,2015,"51 000 ",66 
Democratic Republic of the Congo,2014,"49 000 ",65 
Democratic Republic of the Congo,2013,"47 000 ",65 
Democratic Republic of the Congo,2012,"45 000 ",64 
Democratic Republic of the Congo,2011,"42 000 ",62 
Democratic Republic of the Congo,2010,"38 000 ",57 
Democratic Republic of the Congo,2009,"36 000 ",56 
Democratic Republic of the Congo,2008,"35 000 ",57 
Democratic Republic of the Congo,2007,"34 000 ",57 
Democratic Republic of the Congo,2006,"33 000 ",57 
Democratic Republic of the Congo,2005,"30 000 ",54 
Democratic Republic of the Congo,2004,"29 000 ",53 
Democratic Republic of the Congo,2003,"31 000 ",59 
Democratic Republic of the Congo,2002,"32 000 ",63 
Democratic Republic of the Congo,2001,"31 000 ",64 
Democratic Republic of the Congo,2000,"32 000 ",66 
Denmark,2015,"20 ",0.4 
Denmark,2014,"20 ",0.4 
Denmark,2013,"22 ",0.4 
Denmark,2012,"23 ",0.4 
Denmark,2011,"17 ",0.3 
Denmark,2010,"37 ",0.7 
Denmark,2009,"28 ",0.5 
Denmark,2008,"17 ",0.3 
Denmark,2007,"27 ",0.5 
Denmark,2006,"22 ",0.4 
Denmark,2005,"27 ",0.5 
Denmark,2004,"40 ",0.7 
Denmark,2003,"27 ",0.5 
Denmark,2002,"37 ",0.7 
Denmark,2001,"40 ",0.7 
Denmark,2000,"40 ",0.8 
Djibouti,2015,"350 ",39 
Djibouti,2014,"280 ",32 
Djibouti,2013,"390 ",45 
Djibouti,2012,"420 ",50 
Djibouti,2011,"450 ",53 
Djibouti,2010,"510 ",61 
Djibouti,2009,"470 ",57 
Djibouti,2008,"450 ",56 
Djibouti,2007,"380 ",47 
Djibouti,2006,"360 ",45 
Djibouti,2005,"370 ",47 
Djibouti,2004,"340 ",45 
Djibouti,2003,"380 ",50 
Djibouti,2002,"370 ",50 
Djibouti,2001,"490 ",67 
Djibouti,2000,"460 ",64 
Dominica,2015,"3 ",4.7 
Dominica,2014,"3 ",4.7 
Dominica,2013,"3 ",4.3 
Dominica,2012,"4 ",5.8 
Dominica,2011,"3 ",4.3 
Dominica,2010,"3 ",4.3 
Dominica,2009,"3 ",4.3 
Dominica,2008,"4 ",5.8 
Dominica,2007,"4 ",5.8 
Dominica,2006,"1 ",1.4 
Dominica,2005,"1 ",1.4 
Dominica,2004,"1 ",1.5 
Dominica,2003,"2 ",3.1 
Dominica,2002,"1 ",1.6 
Dominica,2001,"1 ",1.6 
Dominica,2000,"2 ",3.4 
Dominican Republic,2015,"490 ",4.6 
Dominican Republic,2014,"500 ",4.8 
Dominican Republic,2013,"490 ",4.8 
Dominican Republic,2012,"610 ",6.0 
Dominican Republic,2011,"590 ",5.9 
Dominican Republic,2010,"630 ",6.4 
Dominican Republic,2009,"470 ",4.9 
Dominican Republic,2008,"280 ",2.9 
Dominican Republic,2007,"290 ",3.1 
Dominican Republic,2006,"340 ",3.6 
Dominican Republic,2005,"600 ",6.5 
Dominican Republic,2004,"830 ",9.1 
Dominican Republic,2003,"840 ",9.3 
Dominican Republic,2002,"400 ",4.5 
Dominican Republic,2001,"710 ",8.1 
Dominican Republic,2000,"760 ",8.9 
Ecuador,2015,"490 ",3.1 
Ecuador,2014,"530 ",3.3 
Ecuador,2013,"550 ",3.5 
Ecuador,2012,"590 ",3.8 
Ecuador,2011,"660 ",4.4 
Ecuador,2010,"750 ",5.0 
Ecuador,2009,"730 ",5.0 
Ecuador,2008,"850 ",5.9 
Ecuador,2007,"920 ",6.5 
Ecuador,2006,"1 000 ",7.2 
Ecuador,2005,"1 100 ",7.8 
Ecuador,2004,"1 200 ",8.9 
Ecuador,2003,"1 300 ",9.5 
Ecuador,2002,"1 400 ",11 
Ecuador,2001,"1 500 ",12 
Ecuador,2000,"1 800 ",14 
Egypt,2015,"220 ",0.2 
Egypt,2014,"270 ",0.3 
Egypt,2013,"280 ",0.3 
Egypt,2012,"560 ",0.7 
Egypt,2011,"700 ",0.8 
Egypt,2010,"570 ",0.7 
Egypt,2009,"670 ",0.8 
Egypt,2008,"770 ",1.0 
Egypt,2007,"760 ",1.0 
Egypt,2006,"750 ",1.0 
Egypt,2005,"840 ",1.1 
Egypt,2004,"900 ",1.2 
Egypt,2003,"1 100 ",1.5 
Egypt,2002,"1 000 ",1.5 
Egypt,2001,"1 100 ",1.6 
Egypt,2000,"1 100 ",1.6 
El Salvador,2015,"120 ",1.9 
El Salvador,2014,"140 ",2.4 
El Salvador,2013,"110 ",1.8 
El Salvador,2012,"96 ",1.6 
El Salvador,2011,"81 ",1.3 
El Salvador,2010,"110 ",1.8 
El Salvador,2009,"85 ",1.4 
El Salvador,2008,"98 ",1.6 
El Salvador,2007,"120 ",2.0 
El Salvador,2006,"72 ",1.2 
El Salvador,2005,"110 ",1.9 
El Salvador,2004,"130 ",2.2 
El Salvador,2003,"100 ",1.7 
El Salvador,2002,"150 ",2.6 
El Salvador,2001,"140 ",2.4 
El Salvador,2000,"170 ",2.9 
Equatorial Guinea,2015,"63 ",7.5 
Equatorial Guinea,2014,"64 ",7.8 
Equatorial Guinea,2013,"61 ",7.7 
Equatorial Guinea,2012,"58 ",7.5 
Equatorial Guinea,2011,"56 ",7.5 
Equatorial Guinea,2010,"55 ",7.5 
Equatorial Guinea,2009,"79 ",11 
Equatorial Guinea,2008,"56 ",8.2 
Equatorial Guinea,2007,"53 ",8.0 
Equatorial Guinea,2006,"52 ",8.1 
Equatorial Guinea,2005,"52 ",8.4 
Equatorial Guinea,2004,"54 ",8.9 
Equatorial Guinea,2003,"53 ",9.1 
Equatorial Guinea,2002,"53 ",9.3 
Equatorial Guinea,2001,"50 ",9.2 
Equatorial Guinea,2000,"48 ",9.0 
Eritrea,2015,"600 ",12 
Eritrea,2014,"700 ",14 
Eritrea,2013,"830 ",17 
Eritrea,2012,"890 ",18 
Eritrea,2011,"770 ",16 
Eritrea,2010,"720 ",15 
Eritrea,2009,"720 ",16 
Eritrea,2008,"730 ",16 
Eritrea,2007,"880 ",20 
Eritrea,2006,"720 ",17 
Eritrea,2005,"830 ",20 
Eritrea,2004,"960 ",24 
Eritrea,2003,"1 000 ",26 
Eritrea,2002,"1 200 ",31 
Eritrea,2001,"1 100 ",31 
Eritrea,2000,"130 ",3.6 
Estonia,2015,"25 ",1.9 
Estonia,2014,"29 ",2.2 
Estonia,2013,"26 ",1.9 
Estonia,2012,"36 ",2.7 
Estonia,2011,"46 ",3.5 
Estonia,2010,"42 ",3.1 
Estonia,2009,"50 ",3.7 
Estonia,2008,"56 ",4.2 
Estonia,2007,"66 ",4.9 
Estonia,2006,"69 ",5.1 
Estonia,2005,"53 ",3.9 
Estonia,2004,"100 ",7.6 
Estonia,2003,"99 ",7.2 
Estonia,2002,"92 ",6.6 
Estonia,2001,"100 ",7.4 
Estonia,2000,"110 ",7.9 
Ethiopia,2015,"25 000 ",26 
Ethiopia,2014,"35 000 ",36 
Ethiopia,2013,"34 000 ",36 
Ethiopia,2012,"31 000 ",34 
Ethiopia,2011,"30 000 ",34 
Ethiopia,2010,"33 000 ",38 
Ethiopia,2009,"37 000 ",44 
Ethiopia,2008,"41 000 ",50 
Ethiopia,2007,"47 000 ",58 
Ethiopia,2006,"50 000 ",64 
Ethiopia,2005,"50 000 ",66 
Ethiopia,2004,"52 000 ",70 
Ethiopia,2003,"55 000 ",76 
Ethiopia,2002,"58 000 ",82 
Ethiopia,2001,"63 000 ",92 
Ethiopia,2000,"63 000 ",95 
Fiji,2015,"64 ",7.1 
Fiji,2014,"66 ",7.4 
Fiji,2013,"44 ",5.0 
Fiji,2012,"36 ",4.2 
Fiji,2011,"32 ",3.7 
Fiji,2010,"26 ",3.0 
Fiji,2009,"20 ",2.3 
Fiji,2008,"26 ",3.1 
Fiji,2007,"39 ",4.7 
Fiji,2006,"27 ",3.2 
Fiji,2005,"30 ",3.7 
Fiji,2004,"34 ",4.1 
Fiji,2003,"28 ",3.4 
Fiji,2002,"18 ",2.3 
Fiji,2001,"17 ",2.1 
Fiji,2000,"13 ",1.6 
Finland,2015,"37 ",0.7 
Finland,2014,"41 ",0.7 
Finland,2013,"31 ",0.6 
Finland,2012,"49 ",0.9 
Finland,2011,"61 ",1.1 
Finland,2010,"48 ",0.9 
Finland,2009,"54 ",1.0 
Finland,2008,"60 ",1.1 
Finland,2007,"56 ",1.1 
Finland,2006,"60 ",1.1 
Finland,2005,"77 ",1.5 
Finland,2004,"68 ",1.3 
Finland,2003,"82 ",1.6 
Finland,2002,"98 ",1.9 
Finland,2001,"97 ",1.9 
Finland,2000,"130 ",2.5 
France,2015,"520 ",0.8 
France,2014,"540 ",0.9 
France,2013,"570 ",0.9 
France,2012,"560 ",0.9 
France,2011,"650 ",1.0 
France,2010,"660 ",1.0 
France,2009,"690 ",1.1 
France,2008,"700 ",1.1 
France,2007,"730 ",1.2 
France,2006,"790 ",1.3 
France,2005,"920 ",1.5 
France,2004,"900 ",1.5 
France,2003,"1 000 ",1.7 
France,2002,"1 000 ",1.7 
France,2001,"1 100 ",1.9 
France,2000,"1 200 ",2.0 
Gabon,2015,"1 100 ",65 
Gabon,2014,"910 ",54 
Gabon,2013,"830 ",50 
Gabon,2012,"890 ",55 
Gabon,2011,"1 100 ",67 
Gabon,2010,"1 200 ",80 
Gabon,2009,"1 400 ",95 
Gabon,2008,"1 000 ",70 
Gabon,2007,"1 300 ",88 
Gabon,2006,"1 500 ",106 
Gabon,2005,"1 600 ",119 
Gabon,2004,"1 600 ",118 
Gabon,2003,"1 600 ",123 
Gabon,2002,"1 600 ",121 
Gabon,2001,"1 300 ",105 
Gabon,2000,"1 400 ",111 
Gambia,2015,"400 ",20 
Gambia,2014,"340 ",18 
Gambia,2013,"400 ",21 
Gambia,2012,"360 ",20 
Gambia,2011,"340 ",19 
Gambia,2010,"420 ",25 
Gambia,2009,"350 ",22 
Gambia,2008,"330 ",21 
Gambia,2007,"390 ",26 
Gambia,2006,"410 ",28 
Gambia,2005,"310 ",22 
Gambia,2004,"250 ",18 
Gambia,2003,"290 ",21 
Gambia,2002,"290 ",22 
Gambia,2001,"300 ",24 
Gambia,2000,"310 ",25 
Georgia,2015,"160 ",3.9 
Georgia,2014,"160 ",4.0 
Georgia,2013,"210 ",5.2 
Georgia,2012,"270 ",6.6 
Georgia,2011,"270 ",6.4 
Georgia,2010,"230 ",5.5 
Georgia,2009,"200 ",4.7 
Georgia,2008,"190 ",4.3 
Georgia,2007,"170 ",3.9 
Georgia,2006,"180 ",4.1 
Georgia,2005,"170 ",3.8 
Georgia,2004,"310 ",6.9 
Georgia,2003,"320 ",6.9 
Georgia,2002,"320 ",6.9 
Georgia,2001,"320 ",6.9 
Georgia,2000,"370 ",7.7 
Germany,2015,"320 ",0.4 
Germany,2014,"320 ",0.4 
Germany,2013,"380 ",0.5 
Germany,2012,"370 ",0.5 
Germany,2011,"350 ",0.4 
Germany,2010,"360 ",0.5 
Germany,2009,"350 ",0.4 
Germany,2008,"370 ",0.5 
Germany,2007,"460 ",0.6 
Germany,2006,"440 ",0.6 
Germany,2005,"460 ",0.6 
Germany,2004,"450 ",0.6 
Germany,2003,"530 ",0.6 
Germany,2002,"520 ",0.6 
Germany,2001,"550 ",0.7 
Germany,2000,"620 ",0.8 
Ghana,2015,"10 000 ",37 
Ghana,2014,"10 000 ",38 
Ghana,2013,"9 800 ",37 
Ghana,2012,"10 000 ",39 
Ghana,2011,"9 800 ",39 
Ghana,2010,"9 900 ",41 
Ghana,2009,"11 000 ",45 
Ghana,2008,"11 000 ",49 
Ghana,2007,"12 000 ",52 
Ghana,2006,"12 000 ",53 
Ghana,2005,"12 000 ",54 
Ghana,2004,"11 000 ",55 
Ghana,2003,"11 000 ",55 
Ghana,2002,"11 000 ",56 
Ghana,2001,"11 000 ",56 
Ghana,2000,"11 000 ",57 
Greece,2015,"92 ",0.8 
Greece,2014,"110 ",1.0 
Greece,2013,"110 ",1.0 
Greece,2012,"110 ",1.0 
Greece,2011,"75 ",0.7 
Greece,2010,"78 ",0.7 
Greece,2009,"94 ",0.8 
Greece,2008,"86 ",0.8 
Greece,2007,"100 ",0.9 
Greece,2006,"87 ",0.8 
Greece,2005,"98 ",0.9 
Greece,2004,"82 ",0.7 
Greece,2003,"120 ",1.1 
Greece,2002,"93 ",0.9 
Greece,2001,"110 ",1.0 
Greece,2000,"90 ",0.8 
Grenada,2015,"1 ",1.0 
Grenada,2014,"1 ",1.0 
Grenada,2013,"1 ",1.0 
Grenada,2012,"1 ",1.0 
Grenada,2011,"1 ",1.0 
Grenada,2010,"1 ",1.0 
Grenada,2009,"2 ",2.0 
Grenada,2008,"1 ",1.0 
Grenada,2007,"1 ",1.0 
Grenada,2006,"1 ",1.0 
Grenada,2005,"2 ",2.0 
Grenada,2004,"2 ",2.1 
Grenada,2003,"1 ",1.1 
Grenada,2002,"1 ",1.1 
Grenada,2001,"2 ",1.5 
Grenada,2000,"0 ",0
Guatemala,2015,"320 ",2.0 
Guatemala,2014,"340 ",2.1 
Guatemala,2013,"350 ",2.2 
Guatemala,2012,"280 ",1.8 
Guatemala,2011,"330 ",2.2 
Guatemala,2010,"380 ",2.6 
Guatemala,2009,"450 ",3.1 
Guatemala,2008,"390 ",2.8 
Guatemala,2007,"360 ",2.6 
Guatemala,2006,"390 ",2.9 
Guatemala,2005,"410 ",3.1 
Guatemala,2004,"420 ",3.3 
Guatemala,2003,"450 ",3.6 
Guatemala,2002,"480 ",3.9 
Guatemala,2001,"550 ",4.6 
Guatemala,2000,"570 ",4.9 
Guinea,2015,"3 600 ",28 
Guinea,2014,"3 500 ",29 
Guinea,2013,"3 500 ",29 
Guinea,2012,"3 300 ",29 
Guinea,2011,"3 200 ",29 
Guinea,2010,"3 300 ",30 
Guinea,2009,"4 500 ",42 
Guinea,2008,"3 900 ",38 
Guinea,2007,"4 100 ",41 
Guinea,2006,"4 300 ",44 
Guinea,2005,"4 900 ",51 
Guinea,2004,"4 700 ",50 
Guinea,2003,"4 900 ",53 
Guinea,2002,"5 100 ",56 
Guinea,2001,"5 200 ",58 
Guinea,2000,"5 300 ",60 
Guinea-Bissau,2015,"1 600 ",85 
Guinea-Bissau,2014,"1 200 ",68 
Guinea-Bissau,2013,"1 200 ",70 
Guinea-Bissau,2012,"1 200 ",72 
Guinea-Bissau,2011,"1 100 ",66 
Guinea-Bissau,2010,"1 000 ",62 
Guinea-Bissau,2009,"970 ",61 
Guinea-Bissau,2008,"950 ",61 
Guinea-Bissau,2007,"920 ",60 
Guinea-Bissau,2006,"890 ",60 
Guinea-Bissau,2005,"950 ",65 
Guinea-Bissau,2004,"890 ",62 
Guinea-Bissau,2003,"890 ",64 
Guinea-Bissau,2002,"870 ",63 
Guinea-Bissau,2001,"860 ",64 
Guinea-Bissau,2000,"860 ",65 
Guyana,2015,"110 ",14 
Guyana,2014,"98 ",13 
Guyana,2013,"120 ",16 
Guyana,2012,"130 ",17 
Guyana,2011,"130 ",17 
Guyana,2010,"150 ",20 
Guyana,2009,"84 ",11 
Guyana,2008,"110 ",15 
Guyana,2007,"110 ",15 
Guyana,2006,"120 ",17 
Guyana,2005,"120 ",17 
Guyana,2004,"200 ",27 
Guyana,2003,"140 ",19 
Guyana,2002,"160 ",21 
Guyana,2001,"110 ",14 
Guyana,2000,"110 ",15 
Haiti,2015,"2 000 ",18 
Haiti,2014,"2 300 ",21 
Haiti,2013,"2 000 ",19 
Haiti,2012,"2 200 ",22 
Haiti,2011,"2 800 ",28 
Haiti,2010,"3 300 ",33 
Haiti,2009,"3 300 ",33 
Haiti,2008,"3 500 ",36 
Haiti,2007,"3 700 ",39 
Haiti,2006,"3 800 ",41 
Haiti,2005,"3 700 ",40 
Haiti,2004,"3 600 ",40 
Haiti,2003,"3 600 ",41 
Haiti,2002,"4 000 ",46 
Haiti,2001,"4 300 ",50 
Haiti,2000,"4 100 ",47 
Honduras,2015,"85 ",1.1 
Honduras,2014,"87 ",1.1 
Honduras,2013,"88 ",1.1 
Honduras,2012,"89 ",1.2 
Honduras,2011,"95 ",1.2 
Honduras,2010,"84 ",1.1 
Honduras,2009,"100 ",1.4 
Honduras,2008,"110 ",1.5 
Honduras,2007,"240 ",3.4 
Honduras,2006,"230 ",3.3 
Honduras,2005,"270 ",4.0 
Honduras,2004,"310 ",4.6 
Honduras,2003,"330 ",4.9 
Honduras,2002,"340 ",5.2 
Honduras,2001,"320 ",5.0 
Honduras,2000,"170 ",2.7 
Hungary,2015,"76 ",0.8 
Hungary,2014,"87 ",0.9 
Hungary,2013,"98 ",1.0 
Hungary,2012,"130 ",1.3 
Hungary,2011,"130 ",1.3 
Hungary,2010,"150 ",1.5 
Hungary,2009,"170 ",1.7 
Hungary,2008,"190 ",1.9 
Hungary,2007,"220 ",2.2 
Hungary,2006,"190 ",1.9 
Hungary,2005,"260 ",2.5 
Hungary,2004,"300 ",3.0 
Hungary,2003,"300 ",3.0 
Hungary,2002,"330 ",3.2 
Hungary,2001,"380 ",3.7 
Hungary,2000,"390 ",3.8 
Iceland,2015,"7 ",2.1 
Iceland,2014,"8 ",2.4 
Iceland,2013,"11 ",3.3 
Iceland,2012,"10 ",3.0 
Iceland,2011,"8 ",2.4 
Iceland,2010,"21 ",6.6 
Iceland,2009,"8 ",2.6 
Iceland,2008,"2 ",0.7 
Iceland,2007,"5 ",1.6 
Iceland,2006,"2 ",0.7 
Iceland,2005,"3 ",1.0 
Iceland,2004,"4 ",1.4 
Iceland,2003,"7 ",2.4 
Iceland,2002,"4 ",1.4 
Iceland,2001,"3 ",1.1 
Iceland,2000,"2 ",0.7 
India,2015,"480 000 ",36 
India,2014,"480 000 ",37 
India,2013,"490 000 ",38 
India,2012,"490 000 ",38 
India,2011,"490 000 ",39 
India,2010,"500 000 ",40 
India,2009,"510 000 ",42 
India,2008,"530 000 ",44 
India,2007,"540 000 ",46 
India,2006,"550 000 ",48 
India,2005,"570 000 ",50 
India,2004,"590 000 ",52 
India,2003,"600 000 ",55 
India,2002,"610 000 ",56 
India,2001,"600 000 ",56 
India,2000,"590 000 ",56 
Indonesia,2015,"100 000 ",40 
Indonesia,2014,"100 000 ",41 
Indonesia,2013,"100 000 ",42 
Indonesia,2012,"110 000 ",42 
Indonesia,2011,"110 000 ",43 
Indonesia,2010,"110 000 ",44 
Indonesia,2009,"110 000 ",45 
Indonesia,2008,"110 000 ",46 
Indonesia,2007,"110 000 ",47 
Indonesia,2006,"110 000 ",48 
Indonesia,2005,"110 000 ",49 
Indonesia,2004,"110 000 ",50 
Indonesia,2003,"110 000 ",51 
Indonesia,2002,"110 000 ",52 
Indonesia,2001,"110 000 ",53 
Indonesia,2000,"110 000 ",54 
Iran (Islamic Republic of),2015,"1 400 ",1.7 
Iran (Islamic Republic of),2014,"1 400 ",1.7 
Iran (Islamic Republic of),2013,"1 500 ",1.9 
Iran (Islamic Republic of),2012,"1 500 ",1.9 
Iran (Islamic Republic of),2011,"1 500 ",2.0 
Iran (Islamic Republic of),2010,"1 400 ",1.9 
Iran (Islamic Republic of),2009,"1 400 ",1.8 
Iran (Islamic Republic of),2008,"1 300 ",1.8 
Iran (Islamic Republic of),2007,"1 300 ",1.7 
Iran (Islamic Republic of),2006,"1 300 ",1.8 
Iran (Islamic Republic of),2005,"1 200 ",1.8 
Iran (Islamic Republic of),2004,"1 400 ",2.0 
Iran (Islamic Republic of),2003,"1 500 ",2.1 
Iran (Islamic Republic of),2002,"1 600 ",2.3 
Iran (Islamic Republic of),2001,"1 600 ",2.4 
Iran (Islamic Republic of),2000,"1 600 ",2.4 
Iraq,2015,"860 ",2.4 
Iraq,2014,"790 ",2.2 
Iraq,2013,"790 ",2.3 
Iraq,2012,"790 ",2.4 
Iraq,2011,"800 ",2.5 
Iraq,2010,"810 ",2.6 
Iraq,2009,"820 ",2.7 
Iraq,2008,"830 ",2.8 
Iraq,2007,"840 ",2.9 
Iraq,2006,"850 ",3.1 
Iraq,2005,"860 ",3.2 
Iraq,2004,"870 ",3.3 
Iraq,2003,"880 ",3.4 
Iraq,2002,"890 ",3.6 
Iraq,2001,"900 ",3.7 
Iraq,2000,"910 ",3.8 
Ireland,2015,"17 ",0.4 
Ireland,2014,"19 ",0.4 
Ireland,2013,"23 ",0.5 
Ireland,2012,"27 ",0.6 
Ireland,2011,"29 ",0.6 
Ireland,2010,"35 ",0.8 
Ireland,2009,"36 ",0.8 
Ireland,2008,"32 ",0.7 
Ireland,2007,"53 ",1.2 
Ireland,2006,"41 ",1.0 
Ireland,2005,"25 ",0.6 
Ireland,2004,"40 ",1.0 
Ireland,2003,"37 ",0.9 
Ireland,2002,"41 ",1.0 
Ireland,2001,"32 ",0.8 
Ireland,2000,"52 ",1.4 
Israel,2015,"16 ",0.2 
Israel,2014,"17 ",0.2 
Israel,2013,"15 ",0.2 
Israel,2012,"22 ",0.3 
Israel,2011,"22 ",0.3 
Israel,2010,"28 ",0.4 
Israel,2009,"24 ",0.3 
Israel,2008,"28 ",0.4 
Israel,2007,"40 ",0.6 
Israel,2006,"36 ",0.5 
Israel,2005,"49 ",0.7 
Israel,2004,"42 ",0.7 
Israel,2003,"49 ",0.8 
Israel,2002,"59 ",0.9 
Israel,2001,"54 ",0.9 
Israel,2000,"79 ",1.3 
Italy,2015,"330 ",0.6 
Italy,2014,"330 ",0.6 
Italy,2013,"330 ",0.6 
Italy,2012,"340 ",0.6 
Italy,2011,"390 ",0.7 
Italy,2010,"380 ",0.6 
Italy,2009,"410 ",0.7 
Italy,2008,"400 ",0.7 
Italy,2007,"400 ",0.7 
Italy,2006,"410 ",0.7 
Italy,2005,"450 ",0.8 
Italy,2004,"480 ",0.8 
Italy,2003,"510 ",0.9 
Italy,2002,"460 ",0.8 
Italy,2001,"460 ",0.8 
Italy,2000,"530 ",0.9 
Jamaica,2015,"7 ",0.2 
Jamaica,2014,"6 ",0.2 
Jamaica,2013,"7 ",0.2 
Jamaica,2012,"6 ",0.2 
Jamaica,2011,"7 ",0.3 
Jamaica,2010,"10 ",0.4 
Jamaica,2009,"13 ",0.5 
Jamaica,2008,"12 ",0.4 
Jamaica,2007,"11 ",0.4 
Jamaica,2006,"10 ",0.4 
Jamaica,2005,"20 ",0.7 
Jamaica,2004,"17 ",0.6 
Jamaica,2003,"33 ",1.2 
Jamaica,2002,"17 ",0.7 
Jamaica,2001,"13 ",0.5 
Jamaica,2000,"18 ",0.7 
Japan,2015,"3 200 ",2.5 
Japan,2014,"3 300 ",2.6 
Japan,2013,"3 400 ",2.7 
Japan,2012,"3 600 ",2.8 
Japan,2011,"3 700 ",2.9 
Japan,2010,"3 800 ",3.0 
Japan,2009,"3 800 ",3.0 
Japan,2008,"4 000 ",3.1 
Japan,2007,"4 100 ",3.2 
Japan,2006,"4 200 ",3.3 
Japan,2005,"4 300 ",3.4 
Japan,2004,"4 400 ",3.5 
Japan,2003,"4 400 ",3.5 
Japan,2002,"4 500 ",3.6 
Japan,2001,"4 800 ",3.8 
Japan,2000,"5 100 ",4.1 
Jordan,2015,"27 ",0.4 
Jordan,2014,"24 ",0.3 
Jordan,2013,"22 ",0.3 
Jordan,2012,"21 ",0.3 
Jordan,2011,"21 ",0.3 
Jordan,2010,"32 ",0.5 
Jordan,2009,"29 ",0.5 
Jordan,2008,"40 ",0.7 
Jordan,2007,"38 ",0.7 
Jordan,2006,"42 ",0.8 
Jordan,2005,"41 ",0.8 
Jordan,2004,"36 ",0.7 
Jordan,2003,"36 ",0.7 
Jordan,2002,"35 ",0.7 
Jordan,2001,"38 ",0.8 
Jordan,2000,"34 ",0.7 
Kazakhstan,2015,"1 400 ",7.8 
Kazakhstan,2014,"1 500 ",8.6 
Kazakhstan,2013,"1 600 ",9.5 
Kazakhstan,2012,"1 800 ",11 
Kazakhstan,2011,"1 900 ",11 
Kazakhstan,2010,"2 100 ",13 
Kazakhstan,2009,"2 500 ",15 
Kazakhstan,2008,"3 100 ",19 
Kazakhstan,2007,"3 300 ",21 
Kazakhstan,2006,"3 600 ",23 
Kazakhstan,2005,"4 200 ",27 
Kazakhstan,2004,"4 000 ",26 
Kazakhstan,2003,"4 300 ",28 
Kazakhstan,2002,"4 600 ",30 
Kazakhstan,2001,"4 400 ",29 
Kazakhstan,2000,"4 800 ",32 
Kenya,2015,"9 000 ",20 
Kenya,2014,"7 900 ",18 
Kenya,2013,"8 000 ",18 
Kenya,2012,"7 700 ",18 
Kenya,2011,"7 200 ",17 
Kenya,2010,"7 100 ",18 
Kenya,2009,"6 700 ",17 
Kenya,2008,"7 800 ",20 
Kenya,2007,"6 500 ",18 
Kenya,2006,"5 900 ",16 
Kenya,2005,"6 500 ",18 
Kenya,2004,"5 800 ",17 
Kenya,2003,"5 500 ",16 
Kenya,2002,"6 100 ",19 
Kenya,2001,"5 400 ",17 
Kenya,2000,"4 900 ",16 
Kiribati,2015,"30 ",27 
Kiribati,2014,"25 ",23 
Kiribati,2013,"25 ",23 
Kiribati,2012,"21 ",20 
Kiribati,2011,"21 ",20 
Kiribati,2010,"17 ",17 
Kiribati,2009,"10 ",9.6 
Kiribati,2008,"20 ",21 
Kiribati,2007,"20 ",21 
Kiribati,2006,"23 ",24 
Kiribati,2005,"20 ",22 
Kiribati,2004,"19 ",21 
Kiribati,2003,"17 ",19 
Kiribati,2002,"12 ",14 
Kiribati,2001,"11 ",13 
Kiribati,2000,"13 ",15 
Kuwait,2015,"6 ",0.1 
Kuwait,2014,"8 ",0.2 
Kuwait,2013,"8 ",0.2 
Kuwait,2012,"27 ",0.8 
Kuwait,2011,"20 ",0.6 
Kuwait,2010,"39 ",1.3 
Kuwait,2009,"34 ",1.2 
Kuwait,2008,"26 ",1.0 
Kuwait,2007,"34 ",1.3 
Kuwait,2006,"26 ",1.1 
Kuwait,2005,"30 ",1.3 
Kuwait,2004,"31 ",1.4 
Kuwait,2003,"24 ",1.1 
Kuwait,2002,"37 ",1.8 
Kuwait,2001,"28 ",1.4 
Kuwait,2000,"25 ",1.3 
Kyrgyzstan,2015,"680 ",12 
Kyrgyzstan,2014,"670 ",12 
Kyrgyzstan,2013,"650 ",11 
Kyrgyzstan,2012,"640 ",11 
Kyrgyzstan,2011,"680 ",12 
Kyrgyzstan,2010,"610 ",11 
Kyrgyzstan,2009,"620 ",12 
Kyrgyzstan,2008,"640 ",12 
Kyrgyzstan,2007,"730 ",14 
Kyrgyzstan,2006,"850 ",17 
Kyrgyzstan,2005,"820 ",16 
Kyrgyzstan,2004,"1 000 ",21 
Kyrgyzstan,2003,"1 100 ",22 
Kyrgyzstan,2002,"1 200 ",24 
Kyrgyzstan,2001,"1 400 ",28 
Kyrgyzstan,2000,"1 300 ",25 
Lao People's Democratic Republic,2015,"3 300 ",49 
Lao People's Democratic Republic,2014,"3 500 ",52 
Lao People's Democratic Republic,2013,"3 700 ",57 
Lao People's Democratic Republic,2012,"3 900 ",60 
Lao People's Democratic Republic,2011,"3 900 ",61 
Lao People's Democratic Republic,2010,"4 100 ",66 
Lao People's Democratic Republic,2009,"4 300 ",70 
Lao People's Democratic Republic,2008,"4 400 ",73 
Lao People's Democratic Republic,2007,"4 600 ",77 
Lao People's Democratic Republic,2006,"4 700 ",81 
Lao People's Democratic Republic,2005,"5 000 ",87 
Lao People's Democratic Republic,2004,"5 400 ",96 
Lao People's Democratic Republic,2003,"5 800 ",104 
Lao People's Democratic Republic,2002,"6 000 ",110 
Lao People's Democratic Republic,2001,"6 300 ",117 
Lao People's Democratic Republic,2000,"6 600 ",124 
Latvia,2015,"63 ",3.2 
Latvia,2014,"67 ",3.4 
Latvia,2013,"100 ",5.2 
Latvia,2012,"62 ",3.1 
Latvia,2011,"80 ",3.9 
Latvia,2010,"91 ",4.3 
Latvia,2009,"110 ",5.3 
Latvia,2008,"120 ",5.8 
Latvia,2007,"150 ",7.1 
Latvia,2006,"200 ",8.9 
Latvia,2005,"190 ",8.7 
Latvia,2004,"190 ",8.6 
Latvia,2003,"230 ",10 
Latvia,2002,"220 ",9.6 
Latvia,2001,"300 ",13 
Latvia,2000,"310 ",13 
Lebanon,2015,"61 ",1.0 
Lebanon,2014,"63 ",1.1 
Lebanon,2013,"64 ",1.2 
Lebanon,2012,"29 ",0.6 
Lebanon,2011,"37 ",0.8 
Lebanon,2010,"47 ",1.1 
Lebanon,2009,"43 ",1.0 
Lebanon,2008,"45 ",1.1 
Lebanon,2007,"41 ",1.0 
Lebanon,2006,"33 ",0.8 
Lebanon,2005,"34 ",0.9 
Lebanon,2004,"34 ",0.9 
Lebanon,2003,"33 ",0.9 
Lebanon,2002,"38 ",1.1 
Lebanon,2001,"45 ",1.3 
Lebanon,2000,"50 ",1.6 
Lesotho,2015,"1 200 ",55 
Lesotho,2014,"1 100 ",54 
Lesotho,2013,"1 200 ",56 
Lesotho,2012,"1 100 ",55 
Lesotho,2011,"1 100 ",56 
Lesotho,2010,"1 200 ",59 
Lesotho,2009,"1 200 ",61 
Lesotho,2008,"1 300 ",68 
Lesotho,2007,"1 300 ",66 
Lesotho,2006,"1 400 ",72 
Lesotho,2005,"1 500 ",80 
Lesotho,2004,"1 400 ",76 
Lesotho,2003,"1 200 ",64 
Lesotho,2002,"1 400 ",74 
Lesotho,2001,"1 600 ",84 
Lesotho,2000,"1 100 ",59 
Liberia,2015,"3 200 ",70 
Liberia,2014,"3 300 ",74 
Liberia,2013,"2 300 ",54 
Liberia,2012,"2 000 ",47 
Liberia,2011,"1 900 ",46 
Liberia,2010,"2 200 ",55 
Liberia,2009,"2 300 ",59 
Liberia,2008,"2 400 ",66 
Liberia,2007,"2 300 ",65 
Liberia,2006,"2 100 ",63 
Liberia,2005,"2 300 ",72 
Liberia,2004,"1 800 ",57 
Liberia,2003,"2 400 ",77 
Liberia,2002,"1 900 ",62 
Liberia,2001,"2 400 ",80 
Liberia,2000,"2 300 ",81 
Libya,2015,"680 ",11 
Libya,2014,"580 ",9.3 
Libya,2013,"520 ",8.3 
Libya,2012,"430 ",6.8 
Libya,2011,"430 ",6.9 
Libya,2010,"360 ",5.8 
Libya,2009,"230 ",3.7 
Libya,2008,"250 ",4.0 
Libya,2007,"190 ",3.1 
Libya,2006,"210 ",3.5 
Libya,2005,"160 ",2.7 
Libya,2004,"320 ",5.6 
Libya,2003,"200 ",3.5 
Libya,2002,"220 ",3.9 
Libya,2001,"310 ",5.6 
Libya,2000,"380 ",7.1 
Lithuania,2015,"230 ",7.9 
Lithuania,2014,"230 ",7.9 
Lithuania,2013,"210 ",7.2 
Lithuania,2012,"260 ",8.6 
Lithuania,2011,"220 ",7.1 
Lithuania,2010,"220 ",7.2 
Lithuania,2009,"270 ",8.5 
Lithuania,2008,"350 ",11 
Lithuania,2007,"360 ",11 
Lithuania,2006,"370 ",11 
Lithuania,2005,"370 ",11 
Lithuania,2004,"310 ",9.2 
Lithuania,2003,"340 ",10 
Lithuania,2002,"340 ",9.9 
Lithuania,2001,"360 ",10 
Lithuania,2000,"370 ",11 
Luxembourg,2015,"1 ",0.2 
Luxembourg,2014,"1 ",0.2 
Luxembourg,2013,"1 ",0.2 
Luxembourg,2012,"1 ",0.2 
Luxembourg,2011,"2 ",0.4 
Luxembourg,2010,"1 ",0.2 
Luxembourg,2009,"2 ",0.4 
Luxembourg,2008,"2 ",0.4 
Luxembourg,2007,"2 ",0.4 
Luxembourg,2006,"1 ",0.2 
Luxembourg,2005,"1 ",0.2 
Luxembourg,2004,"3 ",0.7 
Luxembourg,2003,"5 ",1.2 
Luxembourg,2002,"3 ",0.7 
Luxembourg,2001,"5 ",1.2 
Luxembourg,2000,"3 ",0.7 
Madagascar,2015,"12 000 ",49 
Madagascar,2014,"12 000 ",49 
Madagascar,2013,"12 000 ",51 
Madagascar,2012,"12 000 ",52 
Madagascar,2011,"11 000 ",51 
Madagascar,2010,"11 000 ",54 
Madagascar,2009,"12 000 ",57 
Madagascar,2008,"12 000 ",58 
Madagascar,2007,"11 000 ",59 
Madagascar,2006,"11 000 ",59 
Madagascar,2005,"12 000 ",65 
Madagascar,2004,"11 000 ",64 
Madagascar,2003,"11 000 ",66 
Madagascar,2002,"12 000 ",72 
Madagascar,2001,"12 000 ",75 
Madagascar,2000,"12 000 ",77 
Malawi,2015,"2 300 ",13 
Malawi,2014,"2 700 ",16 
Malawi,2013,"3 000 ",18 
Malawi,2012,"3 000 ",19 
Malawi,2011,"2 500 ",16 
Malawi,2010,"2 100 ",14 
Malawi,2009,"2 600 ",18 
Malawi,2008,"3 200 ",23 
Malawi,2007,"3 200 ",24 
Malawi,2006,"2 700 ",21 
Malawi,2005,"2 600 ",21 
Malawi,2004,"2 600 ",21 
Malawi,2003,"2 500 ",20 
Malawi,2002,"2 400 ",20 
Malawi,2001,"2 300 ",20 
Malawi,2000,"2 300 ",20 
Malaysia,2015,"2 400 ",7.9 
Malaysia,2014,"2 400 ",8.1 
Malaysia,2013,"2 400 ",8.0 
Malaysia,2012,"2 200 ",7.5 
Malaysia,2011,"2 000 ",6.9 
Malaysia,2010,"1 800 ",6.4 
Malaysia,2009,"1 700 ",6.0 
Malaysia,2008,"1 600 ",6.0 
Malaysia,2007,"1 700 ",6.2 
Malaysia,2006,"1 700 ",6.4 
Malaysia,2005,"1 600 ",6.0 
Malaysia,2004,"1 600 ",6.4 
Malaysia,2003,"1 700 ",6.7 
Malaysia,2002,"1 700 ",7.0 
Malaysia,2001,"1 900 ",7.8 
Malaysia,2000,"1 700 ",7.3 
Maldives,2015,"20 ",5.4 
Maldives,2014,"16 ",4.5 
Maldives,2013,"15 ",4.1 
Maldives,2012,"14 ",4.1 
Maldives,2011,"11 ",3.3 
Maldives,2010,"9 ",2.8 
Maldives,2009,"9 ",2.7 
Maldives,2008,"8 ",2.6 
Maldives,2007,"7 ",2.2 
Maldives,2006,"7 ",2.1 
Maldives,2005,"6 ",2.0 
Maldives,2004,"3 ",1.0 
Maldives,2003,"8 ",2.8 
Maldives,2002,"28 ",9.7 
Maldives,2001,"19 ",6.7 
Maldives,2000,"15 ",5.2 
Mali,2015,"1 700 ",9.4 
Mali,2014,"1 700 ",10 
Mali,2013,"1 800 ",11 
Mali,2012,"1 900 ",12 
Mali,2011,"1 800 ",11 
Mali,2010,"1 700 ",11 
Mali,2009,"1 200 ",7.9 
Mali,2008,"1 300 ",9.3 
Mali,2007,"1 600 ",11 
Mali,2006,"1 600 ",12 
Mali,2005,"1 600 ",13 
Mali,2004,"1 700 ",13 
Mali,2003,"1 600 ",13 
Mali,2002,"1 600 ",14 
Mali,2001,"1 600 ",14 
Mali,2000,"1 600 ",14 
Malta,2015,"1 ",0.2 
Malta,2014,"1 ",0.2 
Malta,2013,"3 ",0.7 
Malta,2012,"1 ",0.2 
Malta,2011,"3 ",0.7 
Malta,2010,"2 ",0.5 
Malta,2009,"1 ",0.3 
Malta,2008,"1 ",0.3 
Malta,2007,"6 ",1.5 
Malta,2006,"1 ",0.3 
Malta,2005,"1 ",0.3 
Malta,2004,"2 ",0.5 
Malta,2003,"1 ",0.3 
Malta,2002,"3 ",0.8 
Malta,2001,"2 ",0.5 
Malta,2000,"3 ",0.8 
Marshall Islands,2015,"23 ",44 
Marshall Islands,2014,"19 ",37 
Marshall Islands,2013,"21 ",39 
Marshall Islands,2012,"20 ",38 
Marshall Islands,2011,"19 ",36 
Marshall Islands,2010,"26 ",50 
Marshall Islands,2009,"19 ",37 
Marshall Islands,2008,"17 ",33 
Marshall Islands,2007,"22 ",42 
Marshall Islands,2006,"19 ",37 
Marshall Islands,2005,"15 ",29 
Marshall Islands,2004,"16 ",31 
Marshall Islands,2003,"8 ",16 
Marshall Islands,2002,"7 ",13 
Marshall Islands,2001,"8 ",15 
Marshall Islands,2000,"5 ",9.0 
Mauritania,2015,"840 ",21 
Mauritania,2014,"830 ",21 
Mauritania,2013,"910 ",23 
Mauritania,2012,"810 ",21 
Mauritania,2011,"1 100 ",31 
Mauritania,2010,"960 ",27 
Mauritania,2009,"960 ",27 
Mauritania,2008,"990 ",29 
Mauritania,2007,"960 ",29 
Mauritania,2006,"1 100 ",34 
Mauritania,2005,"1 400 ",43 
Mauritania,2004,"1 000 ",34 
Mauritania,2003,"1 100 ",38 
Mauritania,2002,"1 200 ",43 
Mauritania,2001,"1 400 ",49 
Mauritania,2000,"1 500 ",54 
Mauritius,2015,"19 ",1.5 
Mauritius,2014,"18 ",1.4 
Mauritius,2013,"17 ",1.4 
Mauritius,2012,"16 ",1.3 
Mauritius,2011,"19 ",1.5 
Mauritius,2010,"12 ",1.0 
Mauritius,2009,"16 ",1.3 
Mauritius,2008,"15 ",1.2 
Mauritius,2007,"14 ",1.2 
Mauritius,2006,"8 ",0.7 
Mauritius,2005,"14 ",1.2 
Mauritius,2004,"15 ",1.3 
Mauritius,2003,"11 ",0.9 
Mauritius,2002,"9 ",0.8 
Mauritius,2001,"9 ",0.8 
Mauritius,2000,"6 ",0.5 
Mexico,2015,"2 600 ",2.1 
Mexico,2014,"2 600 ",2.1 
Mexico,2013,"2 500 ",2.0 
Mexico,2012,"2 400 ",2.0 
Mexico,2011,"2 700 ",2.2 
Mexico,2010,"2 600 ",2.2 
Mexico,2009,"2 600 ",2.2 
Mexico,2008,"2 800 ",2.4 
Mexico,2007,"2 600 ",2.3 
Mexico,2006,"2 800 ",2.5 
Mexico,2005,"3 000 ",2.7 
Mexico,2004,"2 900 ",2.7 
Mexico,2003,"3 600 ",3.3 
Mexico,2002,"3 500 ",3.3 
Mexico,2001,"3 700 ",3.6 
Mexico,2000,"3 700 ",3.6 
Micronesia (Federated States of),2015,"14 ",14 
Micronesia (Federated States of),2014,"26 ",25 
Micronesia (Federated States of),2013,"23 ",22 
Micronesia (Federated States of),2012,"20 ",19 
Micronesia (Federated States of),2011,"20 ",20 
Micronesia (Federated States of),2010,"23 ",22 
Micronesia (Federated States of),2009,"20 ",20 
Micronesia (Federated States of),2008,"23 ",22 
Micronesia (Federated States of),2007,"19 ",18 
Micronesia (Federated States of),2006,"14 ",14 
Micronesia (Federated States of),2005,"13 ",13 
Micronesia (Federated States of),2004,"16 ",15 
Micronesia (Federated States of),2003,"15 ",14 
Micronesia (Federated States of),2002,"17 ",16 
Micronesia (Federated States of),2001,"14 ",13 
Micronesia (Federated States of),2000,"13 ",12 
Monaco,2015,"0 ",0
Monaco,2014,"0 ",0
Monaco,2013,"0 ",0.1 
Monaco,2012,"0 ",0.1 
Monaco,2011,"0 ",0.2 
Monaco,2010,"0 ",0.3 
Monaco,2009,"0 ",0.2 
Monaco,2008,"0 ",0.2 
Monaco,2007,"0 ",0.2 
Monaco,2006,"0 ",0.1 
Monaco,2005,"0 ",0.1 
Monaco,2004,"0 ",0.1 
Monaco,2003,"0 ",0.0 
Monaco,2002,"0 ",0
Monaco,2001,"0 ",0
Monaco,2000,"0 ",0
Mongolia,2015,"640 ",22 
Mongolia,2014,"620 ",21 
Mongolia,2013,"590 ",21 
Mongolia,2012,"570 ",20 
Mongolia,2011,"580 ",21 
Mongolia,2010,"610 ",23 
Mongolia,2009,"620 ",23 
Mongolia,2008,"620 ",23 
Mongolia,2007,"640 ",25 
Mongolia,2006,"690 ",27 
Mongolia,2005,"630 ",25 
Mongolia,2004,"620 ",25 
Mongolia,2003,"540 ",22 
Mongolia,2002,"530 ",22 
Mongolia,2001,"480 ",20 
Mongolia,2000,"430 ",18 
Montenegro,2015,"3 ",0.4 
Montenegro,2014,"1 ",0.2 
Montenegro,2013,"1 ",0.2 
Montenegro,2012,"1 ",0.2 
Montenegro,2011,"1 ",0.2 
Montenegro,2010,"1 ",0.2 
Montenegro,2009,"1 ",0.2 
Montenegro,2008,"4 ",0.6 
Montenegro,2007,"8 ",1.3 
Montenegro,2006,"6 ",0.9 
Montenegro,2005,"4 ",0.6 
Morocco,2015,"3 200 ",9.4 
Morocco,2014,"3 000 ",8.9 
Morocco,2013,"2 900 ",8.7 
Morocco,2012,"2 800 ",8.4 
Morocco,2011,"2 600 ",8.1 
Morocco,2010,"3 200 ",10 
Morocco,2009,"3 200 ",10 
Morocco,2008,"3 200 ",10 
Morocco,2007,"3 700 ",12 
Morocco,2006,"3 300 ",11 
Morocco,2005,"3 300 ",11 
Morocco,2004,"3 600 ",12 
Morocco,2003,"3 400 ",11 
Morocco,2002,"2 300 ",7.6 
Morocco,2001,"3 600 ",12 
Morocco,2000,"4 000 ",14 
Mozambique,2015,"21 000 ",74 
Mozambique,2014,"20 000 ",73 
Mozambique,2013,"19 000 ",71 
Mozambique,2012,"18 000 ",68 
Mozambique,2011,"16 000 ",65 
Mozambique,2010,"15 000 ",61 
Mozambique,2009,"14 000 ",57 
Mozambique,2008,"15 000 ",66 
Mozambique,2007,"19 000 ",84 
Mozambique,2006,"18 000 ",85 
Mozambique,2005,"18 000 ",86 
Mozambique,2004,"18 000 ",88 
Mozambique,2003,"18 000 ",90 
Mozambique,2002,"18 000 ",94 
Mozambique,2001,"19 000 ",100 
Mozambique,2000,"19 000 ",102 
Myanmar,2015,"27 000 ",49 
Myanmar,2014,"27 000 ",50 
Myanmar,2013,"28 000 ",53 
Myanmar,2012,"26 000 ",49 
Myanmar,2011,"28 000 ",53 
Myanmar,2010,"29 000 ",57 
Myanmar,2009,"31 000 ",60 
Myanmar,2008,"33 000 ",64 
Myanmar,2007,"31 000 ",61 
Myanmar,2006,"34 000 ",67 
Myanmar,2005,"39 000 ",78 
Myanmar,2004,"43 000 ",86 
Myanmar,2003,"50 000 ",102 
Myanmar,2002,"56 000 ",116 
Myanmar,2001,"61 000 ",127 
Myanmar,2000,"65 000 ",137 
Namibia,2015,"780 ",32 
Namibia,2014,"720 ",30 
Namibia,2013,"730 ",31 
Namibia,2012,"730 ",32 
Namibia,2011,"730 ",32 
Namibia,2010,"700 ",32 
Namibia,2009,"690 ",32 
Namibia,2008,"750 ",36 
Namibia,2007,"780 ",38 
Namibia,2006,"830 ",40 
Namibia,2005,"840 ",41 
Namibia,2004,"840 ",42 
Namibia,2003,"800 ",40 
Namibia,2002,"730 ",37 
Namibia,2001,"720 ",37 
Namibia,2000,"600 ",32 
Nauru,2015,"1 ",9.2 
Nauru,2014,"1 ",7.4 
Nauru,2013,"1 ",6.4 
Nauru,2012,"1 ",5.5 
Nauru,2011,"0 ",4.7 
Nauru,2010,"0 ",2.8 
Nauru,2009,"0 ",3.8 
Nauru,2008,"0 ",4.7 
Nauru,2007,"0 ",2.8 
Nauru,2006,"1 ",11 
Nauru,2005,"1 ",10 
Nauru,2004,"1 ",5.4 
Nauru,2003,"0 ",2.8 
Nauru,2002,"0 ",4.7 
Nauru,2001,"0 ",2.8 
Nauru,2000,"0 ",3.8 
Nepal,2015,"5 600 ",20 
Nepal,2014,"4 800 ",17 
Nepal,2013,"5 300 ",19 
Nepal,2012,"4 700 ",17 
Nepal,2011,"4 500 ",17 
Nepal,2010,"4 500 ",17 
Nepal,2009,"4 500 ",17 
Nepal,2008,"5 100 ",19 
Nepal,2007,"4 900 ",19 
Nepal,2006,"4 800 ",19 
Nepal,2005,"4 300 ",17 
Nepal,2004,"4 600 ",18 
Nepal,2003,"4 000 ",16 
Nepal,2002,"4 800 ",20 
Nepal,2001,"4 900 ",20 
Nepal,2000,"4 700 ",20 
Netherlands,2015,"34 ",0.2 
Netherlands,2014,"38 ",0.2 
Netherlands,2013,"40 ",0.2 
Netherlands,2012,"35 ",0.2 
Netherlands,2011,"37 ",0.2 
Netherlands,2010,"56 ",0.3 
Netherlands,2009,"66 ",0.4 
Netherlands,2008,"53 ",0.3 
Netherlands,2007,"57 ",0.4 
Netherlands,2006,"79 ",0.5 
Netherlands,2005,"74 ",0.5 
Netherlands,2004,"82 ",0.5 
Netherlands,2003,"76 ",0.5 
Netherlands,2002,"79 ",0.5 
Netherlands,2001,"93 ",0.6 
Netherlands,2000,"96 ",0.6 
New Zealand,2015,"10 ",0.2 
New Zealand,2014,"10 ",0.2 
New Zealand,2013,"10 ",0.2 
New Zealand,2012,"10 ",0.2 
New Zealand,2011,"15 ",0.3 
New Zealand,2010,"17 ",0.4 
New Zealand,2009,"16 ",0.4 
New Zealand,2008,"16 ",0.4 
New Zealand,2007,"16 ",0.4 
New Zealand,2006,"22 ",0.5 
New Zealand,2005,"21 ",0.5 
New Zealand,2004,"30 ",0.7 
New Zealand,2003,"27 ",0.7 
New Zealand,2002,"16 ",0.4 
New Zealand,2001,"11 ",0.3 
New Zealand,2000,"25 ",0.7 
Nicaragua,2015,"150 ",2.5 
Nicaragua,2014,"160 ",2.7 
Nicaragua,2013,"170 ",2.9 
Nicaragua,2012,"210 ",3.5 
Nicaragua,2011,"220 ",3.8 
Nicaragua,2010,"280 ",4.9 
Nicaragua,2009,"200 ",3.6 
Nicaragua,2008,"200 ",3.6 
Nicaragua,2007,"240 ",4.4 
Nicaragua,2006,"250 ",4.6 
Nicaragua,2005,"310 ",5.8 
Nicaragua,2004,"310 ",5.8 
Nicaragua,2003,"340 ",6.4 
Nicaragua,2002,"280 ",5.3 
Nicaragua,2001,"330 ",6.5 
Nicaragua,2000,"330 ",6.6 
Niger,2015,"3 800 ",19 
Niger,2014,"3 500 ",18 
Niger,2013,"3 300 ",18 
Niger,2012,"3 300 ",19 
Niger,2011,"3 400 ",20 
Niger,2010,"3 500 ",21 
Niger,2009,"3 500 ",22 
Niger,2008,"3 800 ",25 
Niger,2007,"3 800 ",26 
Niger,2006,"4 200 ",30 
Niger,2005,"4 500 ",33 
Niger,2004,"4 900 ",38 
Niger,2003,"4 900 ",39 
Niger,2002,"5 700 ",47 
Niger,2001,"5 900 ",51 
Niger,2000,"6 300 ",56 
Nigeria,2015,"180 000 ",99 
Nigeria,2014,"170 000 ",96 
Nigeria,2013,"170 000 ",97 
Nigeria,2012,"160 000 ",94 
Nigeria,2011,"150 000 ",93 
Nigeria,2010,"150 000 ",93 
Nigeria,2009,"140 000 ",91 
Nigeria,2008,"140 000 ",90 
Nigeria,2007,"130 000 ",90 
Nigeria,2006,"130 000 ",92 
Nigeria,2005,"130 000 ",93 
Nigeria,2004,"130 000 ",93 
Nigeria,2003,"130 000 ",95 
Nigeria,2002,"120 000 ",95 
Nigeria,2001,"120 000 ",91 
Nigeria,2000,"120 000 ",94 
Niue,2015,"0 ",3.5 
Niue,2014,"0 ",0
Niue,2013,"0 ",0
Niue,2012,"0 ",0
Niue,2011,"0 ",9.9 
Niue,2010,"0 ",0
Niue,2009,"0 ",0
Niue,2008,"0 ",0
Niue,2007,"0 ",0
Niue,2006,"0 ",0
Niue,2005,"0 ",0
Niue,2004,"0 ",0
Niue,2003,"0 ",0
Niue,2002,"0 ",20 
Niue,2001,"0 ",0
Niue,2000,"0 ",0
Norway,2015,"11 ",0.2 
Norway,2014,"13 ",0.3 
Norway,2013,"21 ",0.4 
Norway,2012,"22 ",0.4 
Norway,2011,"29 ",0.6 
Norway,2010,"29 ",0.6 
Norway,2009,"28 ",0.6 
Norway,2008,"26 ",0.6 
Norway,2007,"36 ",0.8 
Norway,2006,"40 ",0.9 
Norway,2005,"44 ",1.0 
Norway,2004,"46 ",1.0 
Norway,2003,"55 ",1.2 
Norway,2002,"35 ",0.8 
Norway,2001,"52 ",1.2 
Norway,2000,"56 ",1.2 
Oman,2015,"24 ",0.5 
Oman,2014,"26 ",0.6 
Oman,2013,"24 ",0.6 
Oman,2012,"27 ",0.8 
Oman,2011,"24 ",0.8 
Oman,2010,"22 ",0.8 
Oman,2009,"23 ",0.8 
Oman,2008,"24 ",0.9 
Oman,2007,"22 ",0.9 
Oman,2006,"23 ",0.9 
Oman,2005,"17 ",0.7 
Oman,2004,"19 ",0.8 
Oman,2003,"17 ",0.7 
Oman,2002,"19 ",0.8 
Oman,2001,"19 ",0.9 
Oman,2000,"21 ",1.0 
Pakistan,2015,"44 000 ",23 
Pakistan,2014,"48 000 ",26 
Pakistan,2013,"48 000 ",27 
Pakistan,2012,"49 000 ",28 
Pakistan,2011,"52 000 ",30 
Pakistan,2010,"57 000 ",33 
Pakistan,2009,"63 000 ",38 
Pakistan,2008,"72 000 ",44 
Pakistan,2007,"82 000 ",51 
Pakistan,2006,"92 000 ",59 
Pakistan,2005,"99 000 ",64 
Pakistan,2004,"100 000 ",69 
Pakistan,2003,"100 000 ",70 
Pakistan,2002,"100 000 ",70 
Pakistan,2001,"98 000 ",70 
Pakistan,2000,"96 000 ",69 
Palau,2015,"1 ",6.2 
Palau,2014,"1 ",6.2 
Palau,2013,"1 ",3.6 
Palau,2012,"0 ",1.8 
Palau,2011,"1 ",5.5 
Palau,2010,"2 ",8.7 
Palau,2009,"2 ",8.8 
Palau,2008,"1 ",6.7 
Palau,2007,"1 ",5.2 
Palau,2006,"1 ",5.7 
Palau,2005,"1 ",4.7 
Palau,2004,"0 ",2.4 
Palau,2003,"1 ",4.3 
Palau,2002,"1 ",5.3 
Palau,2001,"1 ",5.3 
Palau,2000,"1 ",5.3 
Panama,2015,"240 ",6.1 
Panama,2014,"240 ",6.1 
Panama,2013,"230 ",6.1 
Panama,2012,"220 ",5.8 
Panama,2011,"190 ",5.0 
Panama,2010,"210 ",5.8 
Panama,2009,"250 ",7.1 
Panama,2008,"210 ",6.1 
Panama,2007,"190 ",5.5 
Panama,2006,"190 ",5.5 
Panama,2005,"230 ",6.9 
Panama,2004,"200 ",6.1 
Panama,2003,"220 ",6.9 
Panama,2002,"200 ",6.4 
Panama,2001,"210 ",6.8 
Panama,2000,"210 ",6.9 
Papua New Guinea,2015,"3 100 ",40 
Papua New Guinea,2014,"2 900 ",39 
Papua New Guinea,2013,"3 900 ",53 
Papua New Guinea,2012,"4 300 ",61 
Papua New Guinea,2011,"6 000 ",86 
Papua New Guinea,2010,"5 900 ",86 
Papua New Guinea,2009,"6 400 ",96 
Papua New Guinea,2008,"5 600 ",85 
Papua New Guinea,2007,"5 000 ",78 
Papua New Guinea,2006,"5 500 ",89 
Papua New Guinea,2005,"5 300 ",87 
Papua New Guinea,2004,"5 000 ",84 
Papua New Guinea,2003,"4 800 ",82 
Papua New Guinea,2002,"5 100 ",90 
Papua New Guinea,2001,"4 400 ",80 
Papua New Guinea,2000,"5 000 ",93 
Paraguay,2015,"260 ",4.0 
Paraguay,2014,"260 ",4.0 
Paraguay,2013,"260 ",4.0 
Paraguay,2012,"240 ",3.8 
Paraguay,2011,"280 ",4.4 
Paraguay,2010,"290 ",4.6 
Paraguay,2009,"220 ",3.6 
Paraguay,2008,"260 ",4.3 
Paraguay,2007,"230 ",3.8 
Paraguay,2006,"270 ",4.5 
Paraguay,2005,"300 ",5.1 
Paraguay,2004,"290 ",5.0 
Paraguay,2003,"240 ",4.3 
Paraguay,2002,"230 ",4.1 
Paraguay,2001,"210 ",3.9 
Paraguay,2000,"240 ",4.5 
Peru,2015,"2 000 ",6.2 
Peru,2014,"2 000 ",6.3 
Peru,2013,"1 900 ",6.3 
Peru,2012,"2 200 ",7.1 
Peru,2011,"2 200 ",7.3 
Peru,2010,"2 400 ",8.2 
Peru,2009,"1 700 ",5.8 
Peru,2008,"1 500 ",5.3 
Peru,2007,"2 300 ",8.1 
Peru,2006,"2 400 ",8.6 
Peru,2005,"2 700 ",9.8 
Peru,2004,"2 800 ",10 
Peru,2003,"2 900 ",11 
Peru,2002,"3 000 ",11 
Peru,2001,"3 100 ",12 
Peru,2000,"3 700 ",14 
Philippines,2015,"14 000 ",13 
Philippines,2014,"19 000 ",19 
Philippines,2013,"20 000 ",21 
Philippines,2012,"22 000 ",23 
Philippines,2011,"25 000 ",26 
Philippines,2010,"25 000 ",27 
Philippines,2009,"26 000 ",29 
Philippines,2008,"28 000 ",31 
Philippines,2007,"25 000 ",28 
Philippines,2006,"27 000 ",31 
Philippines,2005,"29 000 ",33 
Philippines,2004,"30 000 ",35 
Philippines,2003,"31 000 ",37 
Philippines,2002,"32 000 ",40 
Philippines,2001,"31 000 ",39 
Philippines,2000,"31 000 ",40 
Poland,2015,"540 ",1.4 
Poland,2014,"580 ",1.5 
Poland,2013,"580 ",1.5 
Poland,2012,"680 ",1.8 
Poland,2011,"690 ",1.8 
Poland,2010,"630 ",1.6 
Poland,2009,"810 ",2.1 
Poland,2008,"880 ",2.3 
Poland,2007,"830 ",2.2 
Poland,2006,"810 ",2.1 
Poland,2005,"890 ",2.3 
Poland,2004,"920 ",2.4 
Poland,2003,"1 000 ",2.6 
Poland,2002,"1 000 ",2.6 
Poland,2001,"1 200 ",3.0 
Poland,2000,"1 200 ",3.1 
Portugal,2015,"210 ",2.1 
Portugal,2014,"220 ",2.1 
Portugal,2013,"230 ",2.2 
Portugal,2012,"230 ",2.2 
Portugal,2011,"230 ",2.2 
Portugal,2010,"230 ",2.1 
Portugal,2009,"280 ",2.6 
Portugal,2008,"260 ",2.5 
Portugal,2007,"290 ",2.8 
Portugal,2006,"320 ",3.0 
Portugal,2005,"340 ",3.2 
Portugal,2004,"360 ",3.5 
Portugal,2003,"390 ",3.7 
Portugal,2002,"380 ",3.7 
Portugal,2001,"390 ",3.8 
Portugal,2000,"390 ",3.8 
Qatar,2015,"7 ",0.3 
Qatar,2014,"5 ",0.2 
Qatar,2013,"6 ",0.3 
Qatar,2012,"8 ",0.4 
Qatar,2011,"6 ",0.3 
Qatar,2010,"2 ",0.1 
Qatar,2009,"3 ",0.2 
Qatar,2008,"17 ",1.3 
Qatar,2007,"1 ",0.1 
Qatar,2006,"3 ",0.3 
Qatar,2005,"3 ",0.3 
Qatar,2004,"2 ",0.2 
Qatar,2003,"5 ",0.7 
Qatar,2002,"8 ",1.2 
Qatar,2001,"10 ",1.7 
Qatar,2000,"10 ",1.7 
Republic of Korea,2015,"2 600 ",5.1 
Republic of Korea,2014,"2 600 ",5.2 
Republic of Korea,2013,"2 700 ",5.5 
Republic of Korea,2012,"3 000 ",6.1 
Republic of Korea,2011,"3 000 ",6.0 
Republic of Korea,2010,"3 000 ",6.1 
Republic of Korea,2009,"2 900 ",6.0 
Republic of Korea,2008,"3 000 ",6.1 
Republic of Korea,2007,"3 100 ",6.3 
Republic of Korea,2006,"3 500 ",7.3 
Republic of Korea,2005,"3 600 ",7.6 
Republic of Korea,2004,"3 600 ",7.6 
Republic of Korea,2003,"4 000 ",8.5 
Republic of Korea,2002,"3 900 ",8.4 
Republic of Korea,2001,"3 800 ",8.2 
Republic of Korea,2000,"4 100 ",8.9 
Republic of Moldova,2015,"310 ",7.7 
Republic of Moldova,2014,"350 ",8.7 
Republic of Moldova,2013,"360 ",8.7 
Republic of Moldova,2012,"490 ",12 
Republic of Moldova,2011,"510 ",13 
Republic of Moldova,2010,"570 ",14 
Republic of Moldova,2009,"630 ",15 
Republic of Moldova,2008,"620 ",15 
Republic of Moldova,2007,"690 ",17 
Republic of Moldova,2006,"710 ",17 
Republic of Moldova,2005,"750 ",18 
Republic of Moldova,2004,"720 ",17 
Republic of Moldova,2003,"650 ",15 
Republic of Moldova,2002,"670 ",16 
Republic of Moldova,2001,"640 ",15 
Republic of Moldova,2000,"730 ",17 
Romania,2015,"1 100 ",5.5 
Romania,2014,"1 100 ",5.8 
Romania,2013,"1 200 ",5.8 
Romania,2012,"1 300 ",6.3 
Romania,2011,"1 300 ",6.5 
Romania,2010,"1 500 ",7.4 
Romania,2009,"1 500 ",7.5 
Romania,2008,"1 600 ",7.9 
Romania,2007,"1 600 ",7.7 
Romania,2006,"1 700 ",8.1 
Romania,2005,"1 800 ",8.4 
Romania,2004,"2 100 ",9.7 
Romania,2003,"2 200 ",10 
Romania,2002,"2 300 ",11 
Romania,2001,"2 400 ",11 
Romania,2000,"2 100 ",9.6 
Russian Federation,2015,"15 000 ",11 
Russian Federation,2014,"17 000 ",12 
Russian Federation,2013,"17 000 ",12 
Russian Federation,2012,"19 000 ",13 
Russian Federation,2011,"21 000 ",15 
Russian Federation,2010,"23 000 ",16 
Russian Federation,2009,"25 000 ",18 
Russian Federation,2008,"27 000 ",19 
Russian Federation,2007,"27 000 ",19 
Russian Federation,2006,"30 000 ",21 
Russian Federation,2005,"34 000 ",24 
Russian Federation,2004,"32 000 ",22 
Russian Federation,2003,"33 000 ",23 
Russian Federation,2002,"33 000 ",23 
Russian Federation,2001,"30 000 ",21 
Russian Federation,2000,"31 000 ",21 
Rwanda,2015,"440 ",3.8 
Rwanda,2014,"560 ",4.9 
Rwanda,2013,"750 ",6.7 
Rwanda,2012,"800 ",7.4 
Rwanda,2011,"770 ",7.3 
Rwanda,2010,"830 ",8.1 
Rwanda,2009,"680 ",6.8 
Rwanda,2008,"610 ",6.3 
Rwanda,2007,"540 ",5.7 
Rwanda,2006,"430 ",4.6 
Rwanda,2005,"560 ",6.2 
Rwanda,2004,"670 ",7.6 
Rwanda,2003,"540 ",6.3 
Rwanda,2002,"630 ",7.4 
Rwanda,2001,"640 ",7.7 
Rwanda,2000,"420 ",5.2 
Saint Kitts and Nevis,2015,"1 ",2.5 
Saint Kitts and Nevis,2014,"3 ",6.2 
Saint Kitts and Nevis,2013,"0 ",0
Saint Kitts and Nevis,2012,"1 ",2.4 
Saint Kitts and Nevis,2011,"1 ",2.4 
Saint Kitts and Nevis,2010,"1 ",2.5 
Saint Kitts and Nevis,2009,"1 ",2.0 
Saint Kitts and Nevis,2008,"1 ",2.1 
Saint Kitts and Nevis,2007,"1 ",2.2 
Saint Kitts and Nevis,2006,"2 ",4.2 
Saint Kitts and Nevis,2005,"1 ",2.2 
Saint Kitts and Nevis,2004,"1 ",2.1 
Saint Kitts and Nevis,2003,"1 ",3.0 
Saint Kitts and Nevis,2002,"1 ",2.8 
Saint Kitts and Nevis,2001,"1 ",2.4 
Saint Kitts and Nevis,2000,"1 ",2.4 
Saint Lucia,2015,"1 ",0.7 
Saint Lucia,2014,"6 ",3.0 
Saint Lucia,2013,"4 ",2.1 
Saint Lucia,2012,"1 ",0.7 
Saint Lucia,2011,"1 ",0.7 
Saint Lucia,2010,"1 ",0.7 
Saint Lucia,2009,"1 ",0.6 
Saint Lucia,2008,"3 ",1.9 
Saint Lucia,2007,"3 ",2.0 
Saint Lucia,2006,"3 ",2.0 
Saint Lucia,2005,"7 ",3.9 
Saint Lucia,2004,"7 ",4.0 
Saint Lucia,2003,"2 ",1.3 
Saint Lucia,2002,"1 ",0.7 
Saint Lucia,2001,"1 ",0.7 
Saint Lucia,2000,"1 ",0.8 
Saint Vincent and the Grenadines,2015,"2 ",1.5 
Saint Vincent and the Grenadines,2014,"2 ",1.6 
Saint Vincent and the Grenadines,2013,"1 ",0.9 
Saint Vincent and the Grenadines,2012,"4 ",3.8 
Saint Vincent and the Grenadines,2011,"5 ",4.8 
Saint Vincent and the Grenadines,2010,"6 ",5.7 
Saint Vincent and the Grenadines,2009,"1 ",1.0 
Saint Vincent and the Grenadines,2008,"1 ",0.9 
Saint Vincent and the Grenadines,2007,"3 ",2.8 
Saint Vincent and the Grenadines,2006,"3 ",2.8 
Saint Vincent and the Grenadines,2005,"1 ",0.9 
Saint Vincent and the Grenadines,2004,"6 ",5.9 
Saint Vincent and the Grenadines,2003,"6 ",5.9 
Saint Vincent and the Grenadines,2002,"1 ",1.0 
Saint Vincent and the Grenadines,2001,"2 ",2.0 
Saint Vincent and the Grenadines,2000,"4 ",3.3 
Samoa,2015,"2 ",0.9 
Samoa,2014,"2 ",1.1 
Samoa,2013,"2 ",1.1 
Samoa,2012,"2 ",1.1 
Samoa,2011,"2 ",1.0 
Samoa,2010,"1 ",0.7 
Samoa,2009,"2 ",0.8 
Samoa,2008,"1 ",0.6 
Samoa,2007,"2 ",0.9 
Samoa,2006,"2 ",1.3 
Samoa,2005,"2 ",1.3 
Samoa,2004,"3 ",1.8 
Samoa,2003,"3 ",1.4 
Samoa,2002,"3 ",1.7 
Samoa,2001,"2 ",1.2 
Samoa,2000,"4 ",2.3 
San Marino,2015,"0 ",0
San Marino,2014,"0 ",0
San Marino,2013,"0 ",0
San Marino,2012,"0 ",0
San Marino,2011,"0 ",0
San Marino,2010,"0 ",0
San Marino,2009,"0 ",0
San Marino,2008,"0 ",0
San Marino,2007,"0 ",0
San Marino,2006,"0 ",0
San Marino,2005,"0 ",0
San Marino,2004,"0 ",0
San Marino,2003,"0 ",0
San Marino,2002,"0 ",0
San Marino,2001,"0 ",0
San Marino,2000,"0 ",0
Sao Tome and Principe,2015,"7 ",3.6 
Sao Tome and Principe,2014,"12 ",6.5 
Sao Tome and Principe,2013,"11 ",5.9 
Sao Tome and Principe,2012,"21 ",12 
Sao Tome and Principe,2011,"15 ",8.3 
Sao Tome and Principe,2010,"20 ",11 
Sao Tome and Principe,2009,"35 ",21 
Sao Tome and Principe,2008,"38 ",23 
Sao Tome and Principe,2007,"30 ",19 
Sao Tome and Principe,2006,"7 ",4.7 
Sao Tome and Principe,2005,"14 ",9.1 
Sao Tome and Principe,2004,"20 ",13 
Sao Tome and Principe,2003,"25 ",17 
Sao Tome and Principe,2002,"30 ",21 
Sao Tome and Principe,2001,"29 ",21 
Sao Tome and Principe,2000,"28 ",21 
Saudi Arabia,2015,"660 ",2.1 
Saudi Arabia,2014,"640 ",2.1 
Saudi Arabia,2013,"670 ",2.2 
Saudi Arabia,2012,"740 ",2.5 
Saudi Arabia,2011,"790 ",2.8 
Saudi Arabia,2010,"850 ",3.0 
Saudi Arabia,2009,"890 ",3.3 
Saudi Arabia,2008,"890 ",3.3 
Saudi Arabia,2007,"870 ",3.4 
Saudi Arabia,2006,"830 ",3.3 
Saudi Arabia,2005,"780 ",3.2 
Saudi Arabia,2004,"730 ",3.0 
Saudi Arabia,2003,"730 ",3.1 
Saudi Arabia,2002,"750 ",3.3 
Saudi Arabia,2001,"740 ",3.3 
Saudi Arabia,2000,"760 ",3.6 
Senegal,2015,"3 400 ",23 
Senegal,2014,"3 100 ",21 
Senegal,2013,"2 800 ",20 
Senegal,2012,"2 900 ",21 
Senegal,2011,"3 100 ",23 
Senegal,2010,"2 900 ",22 
Senegal,2009,"2 700 ",21 
Senegal,2008,"2 500 ",21 
Senegal,2007,"2 700 ",22 
Senegal,2006,"2 600 ",23 
Senegal,2005,"2 700 ",24 
Senegal,2004,"2 800 ",26 
Senegal,2003,"2 700 ",25 
Senegal,2002,"3 000 ",29 
Senegal,2001,"2 900 ",29 
Senegal,2000,"2 900 ",30 
Serbia,2015,"110 ",1.2 
Serbia,2014,"120 ",1.3 
Serbia,2013,"150 ",1.6 
Serbia,2012,"160 ",1.8 
Serbia,2011,"150 ",1.7 
Serbia,2010,"180 ",2.0 
Serbia,2009,"190 ",2.1 
Serbia,2008,"200 ",2.2 
Serbia,2007,"270 ",2.9 
Serbia,2006,"240 ",2.7 
Serbia,2005,"300 ",3.3 
Seychelles,2015,"0 ",0
Seychelles,2014,"0 ",0
Seychelles,2013,"2 ",2.1 
Seychelles,2012,"0 ",0
Seychelles,2011,"1 ",1.1 
Seychelles,2010,"0 ",0
Seychelles,2009,"2 ",2.3 
Seychelles,2008,"2 ",2.3 
Seychelles,2007,"1 ",1.2 
Seychelles,2006,"1 ",1.2 
Seychelles,2005,"2 ",2.5 
Seychelles,2004,"0 ",0
Seychelles,2003,"0 ",0
Seychelles,2002,"4 ",5.0 
Seychelles,2001,"2 ",2.6 
Seychelles,2000,"2 ",2.7 
Sierra Leone,2015,"3 300 ",51 
Sierra Leone,2014,"3 000 ",47 
Sierra Leone,2013,"3 100 ",50 
Sierra Leone,2012,"2 600 ",43 
Sierra Leone,2011,"2 700 ",45 
Sierra Leone,2010,"2 500 ",43 
Sierra Leone,2009,"2 800 ",49 
Sierra Leone,2008,"2 900 ",52 
Sierra Leone,2007,"3 200 ",60 
Sierra Leone,2006,"3 500 ",67 
Sierra Leone,2005,"3 800 ",74 
Sierra Leone,2004,"3 900 ",80 
Sierra Leone,2003,"3 800 ",81 
Sierra Leone,2002,"3 700 ",83 
Sierra Leone,2001,"3 500 ",82 
Sierra Leone,2000,"3 600 ",88 
Singapore,2015,"70 ",1.2 
Singapore,2014,"75 ",1.4 
Singapore,2013,"62 ",1.2 
Singapore,2012,"79 ",1.5 
Singapore,2011,"88 ",1.7 
Singapore,2010,"99 ",2.0 
Singapore,2009,"86 ",1.7 
Singapore,2008,"100 ",2.1 
Singapore,2007,"100 ",2.2 
Singapore,2006,"78 ",1.7 
Singapore,2005,"82 ",1.8 
Singapore,2004,"97 ",2.2 
Singapore,2003,"97 ",2.3 
Singapore,2002,"110 ",2.6 
Singapore,2001,"120 ",2.9 
Singapore,2000,"120 ",3.2 
Slovakia,2015,"32 ",0.6 
Slovakia,2014,"35 ",0.6 
Slovakia,2013,"20 ",0.4 
Slovakia,2012,"17 ",0.3 
Slovakia,2011,"26 ",0.5 
Slovakia,2010,"35 ",0.7 
Slovakia,2009,"43 ",0.8 
Slovakia,2008,"43 ",0.8 
Slovakia,2007,"35 ",0.7 
Slovakia,2006,"48 ",0.9 
Slovakia,2005,"48 ",0.9 
Slovakia,2004,"53 ",1.0 
Slovakia,2003,"67 ",1.2 
Slovakia,2002,"65 ",1.2 
Slovakia,2001,"58 ",1.1 
Slovakia,2000,"55 ",1.0 
Slovenia,2015,"16 ",0.8 
Slovenia,2014,"17 ",0.8 
Slovenia,2013,"17 ",0.8 
Slovenia,2012,"16 ",0.8 
Slovenia,2011,"22 ",1.1 
Slovenia,2010,"20 ",1.0 
Slovenia,2009,"25 ",1.2 
Slovenia,2008,"35 ",1.7 
Slovenia,2007,"29 ",1.5 
Slovenia,2006,"18 ",0.9 
Slovenia,2005,"19 ",0.9 
Slovenia,2004,"12 ",0.6 
Slovenia,2003,"29 ",1.5 
Slovenia,2002,"23 ",1.2 
Slovenia,2001,"27 ",1.4 
Slovenia,2000,"22 ",1.1 
Solomon Islands,2015,"57 ",9.8 
Solomon Islands,2014,"47 ",8.3 
Solomon Islands,2013,"50 ",8.8 
Solomon Islands,2012,"50 ",9.0 
Solomon Islands,2011,"55 ",10 
Solomon Islands,2010,"46 ",8.8 
Solomon Islands,2009,"50 ",9.8 
Solomon Islands,2008,"53 ",11 
Solomon Islands,2007,"55 ",11 
Solomon Islands,2006,"51 ",11 
Solomon Islands,2005,"55 ",12 
Solomon Islands,2004,"47 ",10 
Solomon Islands,2003,"40 ",9.0 
Solomon Islands,2002,"35 ",8.1 
Solomon Islands,2001,"40 ",9.5 
Solomon Islands,2000,"42 ",10 
Somalia,2015,"7 000 ",65 
Somalia,2014,"7 000 ",67 
Somalia,2013,"7 200 ",70 
Somalia,2012,"7 300 ",73 
Somalia,2011,"7 200 ",73 
Somalia,2010,"7 500 ",78 
Somalia,2009,"6 800 ",73 
Somalia,2008,"6 000 ",66 
Somalia,2007,"6 300 ",70 
Somalia,2006,"5 700 ",66 
Somalia,2005,"5 000 ",60 
Somalia,2004,"5 200 ",64 
Somalia,2003,"5 900 ",74 
Somalia,2002,"6 400 ",82 
Somalia,2001,"6 400 ",84 
Somalia,2000,"6 600 ",89 
South Africa,2015,"25 000 ",46 
South Africa,2014,"25 000 ",47 
South Africa,2013,"26 000 ",49 
South Africa,2012,"26 000 ",50 
South Africa,2011,"27 000 ",52 
South Africa,2010,"28 000 ",54 
South Africa,2009,"29 000 ",56 
South Africa,2008,"29 000 ",57 
South Africa,2007,"29 000 ",58 
South Africa,2006,"28 000 ",58 
South Africa,2005,"28 000 ",57 
South Africa,2004,"27 000 ",56 
South Africa,2003,"27 000 ",57 
South Africa,2002,"26 000 ",56 
South Africa,2001,"26 000 ",57 
South Africa,2000,"24 000 ",54 
South Sudan,2015,"3 400 ",28 
South Sudan,2014,"3 600 ",30 
South Sudan,2013,"3 900 ",34 
South Sudan,2012,"3 100 ",29 
South Sudan,2011,"3 200 ",30 
Spain,2015,"260 ",0.6 
Spain,2014,"290 ",0.6 
Spain,2013,"300 ",0.6 
Spain,2012,"330 ",0.7 
Spain,2011,"300 ",0.6 
Spain,2010,"400 ",0.9 
Spain,2009,"410 ",0.9 
Spain,2008,"360 ",0.8 
Spain,2007,"420 ",0.9 
Spain,2006,"410 ",0.9 
Spain,2005,"490 ",1.1 
Spain,2004,"460 ",1.1 
Spain,2003,"490 ",1.1 
Spain,2002,"500 ",1.2 
Spain,2001,"500 ",1.2 
Spain,2000,"530 ",1.3 
Sri Lanka,2015,"1 200 ",5.6 
Sri Lanka,2014,"1 200 ",5.6 
Sri Lanka,2013,"1 200 ",5.8 
Sri Lanka,2012,"1 200 ",5.9 
Sri Lanka,2011,"960 ",4.7 
Sri Lanka,2010,"1 000 ",5.0 
Sri Lanka,2009,"1 100 ",5.3 
Sri Lanka,2008,"1 100 ",5.4 
Sri Lanka,2007,"1 200 ",5.9 
Sri Lanka,2006,"1 200 ",6.0 
Sri Lanka,2005,"1 400 ",7.2 
Sri Lanka,2004,"1 600 ",8.4 
Sri Lanka,2003,"1 900 ",9.6 
Sri Lanka,2002,"1 800 ",9.3 
Sri Lanka,2001,"1 900 ",9.8 
Sri Lanka,2000,"1 900 ",10 
Sudan,2015,"7 300 ",18 
Sudan,2014,"7 800 ",20 
Sudan,2013,"8 500 ",22 
Sudan,2012,"8 800 ",23 
Sudan,2011,"8 600 ",23 
Sudan,2010,"10 000 ",22 
Sudan,2009,"10 000 ",23 
Sudan,2008,"11 000 ",25 
Sudan,2007,"8 600 ",20 
Sudan,2006,"8 500 ",21 
Sudan,2005,"8 900 ",22 
Sudan,2004,"9 100 ",23 
Sudan,2003,"9 500 ",25 
Sudan,2002,"9 500 ",26 
Sudan,2001,"9 600 ",27 
Sudan,2000,"9 100 ",26 
Suriname,2015,"14 ",2.6 
Suriname,2014,"15 ",2.9 
Suriname,2013,"15 ",2.8 
Suriname,2012,"13 ",2.5 
Suriname,2011,"13 ",2.5 
Suriname,2010,"17 ",3.2 
Suriname,2009,"15 ",2.9 
Suriname,2008,"15 ",3.0 
Suriname,2007,"9 ",1.7 
Suriname,2006,"8 ",1.5 
Suriname,2005,"9 ",1.8 
Suriname,2004,"6 ",1.3 
Suriname,2003,"12 ",2.5 
Suriname,2002,"7 ",1.3 
Suriname,2001,"11 ",2.3 
Suriname,2000,"6 ",1.2 
Swaziland,2015,"400 ",31 
Swaziland,2014,"480 ",38 
Swaziland,2013,"570 ",46 
Swaziland,2012,"670 ",55 
Swaziland,2011,"610 ",50 
Swaziland,2010,"450 ",37 
Swaziland,2009,"430 ",37 
Swaziland,2008,"540 ",46 
Swaziland,2007,"580 ",51 
Swaziland,2006,"540 ",48 
Swaziland,2005,"520 ",47 
Swaziland,2004,"500 ",46 
Swaziland,2003,"450 ",41 
Swaziland,2002,"450 ",41 
Swaziland,2001,"400 ",37 
Swaziland,2000,"300 ",28 
Sweden,2015,"27 ",0.3 
Sweden,2014,"30 ",0.3 
Sweden,2013,"43 ",0.5 
Sweden,2012,"39 ",0.4 
Sweden,2011,"47 ",0.5 
Sweden,2010,"36 ",0.4 
Sweden,2009,"61 ",0.7 
Sweden,2008,"64 ",0.7 
Sweden,2007,"63 ",0.7 
Sweden,2006,"66 ",0.7 
Sweden,2005,"60 ",0.7 
Sweden,2004,"50 ",0.6 
Sweden,2003,"59 ",0.7 
Sweden,2002,"99 ",1.1 
Sweden,2001,"88 ",1.0 
Sweden,2000,"71 ",0.8 
Switzerland,2015,"16 ",0.2 
Switzerland,2014,"18 ",0.2 
Switzerland,2013,"20 ",0.2 
Switzerland,2012,"23 ",0.3 
Switzerland,2011,"25 ",0.3 
Switzerland,2010,"28 ",0.4 
Switzerland,2009,"27 ",0.4 
Switzerland,2008,"34 ",0.5 
Switzerland,2007,"29 ",0.4 
Switzerland,2006,"34 ",0.5 
Switzerland,2005,"30 ",0.4 
Switzerland,2004,"29 ",0.4 
Switzerland,2003,"28 ",0.4 
Switzerland,2002,"34 ",0.5 
Switzerland,2001,"39 ",0.6 
Switzerland,2000,"47 ",0.7 
Syrian Arab Republic,2015,"21 ",0.1 
Syrian Arab Republic,2014,"25 ",0.1 
Syrian Arab Republic,2013,"19 ",0.1 
Syrian Arab Republic,2012,"21 ",0.1 
Syrian Arab Republic,2011,"26 ",0.1 
Syrian Arab Republic,2010,"26 ",0.1 
Syrian Arab Republic,2009,"48 ",0.2 
Syrian Arab Republic,2008,"48 ",0.2 
Syrian Arab Republic,2007,"44 ",0.2 
Syrian Arab Republic,2006,"51 ",0.3 
Syrian Arab Republic,2005,"55 ",0.3 
Syrian Arab Republic,2004,"40 ",0.2 
Syrian Arab Republic,2003,"51 ",0.3 
Syrian Arab Republic,2002,"68 ",0.4 
Syrian Arab Republic,2001,"72 ",0.4 
Syrian Arab Republic,2000,"78 ",0.5 
Tajikistan,2015,"220 ",2.6 
Tajikistan,2014,"250 ",3.0 
Tajikistan,2013,"340 ",4.2 
Tajikistan,2012,"290 ",3.7 
Tajikistan,2011,"300 ",3.9 
Tajikistan,2010,"380 ",5.0 
Tajikistan,2009,"440 ",5.9 
Tajikistan,2008,"610 ",8.4 
Tajikistan,2007,"710 ",10 
Tajikistan,2006,"890 ",13 
Tajikistan,2005,"960 ",14 
Tajikistan,2004,"1 000 ",15 
Tajikistan,2003,"1 100 ",17 
Tajikistan,2002,"1 100 ",17 
Tajikistan,2001,"1 300 ",20 
Tajikistan,2000,"1 200 ",20 
Thailand,2015,"8 400 ",12 
Thailand,2014,"8 200 ",12 
Thailand,2013,"7 800 ",12 
Thailand,2012,"7 900 ",12 
Thailand,2011,"7 300 ",11 
Thailand,2010,"7 200 ",11 
Thailand,2009,"7 400 ",11 
Thailand,2008,"7 800 ",12 
Thailand,2007,"7 900 ",12 
Thailand,2006,"11 000 ",17 
Thailand,2005,"12 000 ",18 
Thailand,2004,"14 000 ",21 
Thailand,2003,"14 000 ",22 
Thailand,2002,"15 000 ",23 
Thailand,2001,"15 000 ",23 
Thailand,2000,"15 000 ",24 
The former Yugoslav republic of Macedonia,2015,"9 ",0.4 
The former Yugoslav republic of Macedonia,2014,"24 ",1.1 
The former Yugoslav republic of Macedonia,2013,"29 ",1.4 
The former Yugoslav republic of Macedonia,2012,"31 ",1.5 
The former Yugoslav republic of Macedonia,2011,"30 ",1.5 
The former Yugoslav republic of Macedonia,2010,"34 ",1.7 
The former Yugoslav republic of Macedonia,2009,"19 ",0.9 
The former Yugoslav republic of Macedonia,2008,"48 ",2.4 
The former Yugoslav republic of Macedonia,2007,"60 ",2.9 
The former Yugoslav republic of Macedonia,2006,"64 ",3.1 
The former Yugoslav republic of Macedonia,2005,"68 ",3.3 
The former Yugoslav republic of Macedonia,2004,"61 ",3.0 
The former Yugoslav republic of Macedonia,2003,"86 ",4.2 
The former Yugoslav republic of Macedonia,2002,"79 ",3.9 
The former Yugoslav republic of Macedonia,2001,"94 ",4.6 
The former Yugoslav republic of Macedonia,2000,"110 ",5.2 
Timor-Leste,2015,"1 200 ",100 
Timor-Leste,2014,"1 000 ",87 
Timor-Leste,2013,"910 ",80 
Timor-Leste,2012,"820 ",75 
Timor-Leste,2011,"550 ",51 
Timor-Leste,2010,"440 ",42 
Timor-Leste,2009,"330 ",32 
Timor-Leste,2008,"890 ",86 
Timor-Leste,2007,"880 ",86 
Timor-Leste,2006,"720 ",72 
Timor-Leste,2005,"610 ",62 
Timor-Leste,2004,"580 ",60 
Timor-Leste,2003,"710 ",77 
Timor-Leste,2002,"810 ",91 
Togo,2015,"460 ",6.4 
Togo,2014,"610 ",8.6 
Togo,2013,"690 ",10 
Togo,2012,"670 ",9.9 
Togo,2011,"670 ",10 
Togo,2010,"720 ",11 
Togo,2009,"650 ",11 
Togo,2008,"570 ",9.4 
Togo,2007,"650 ",11 
Togo,2006,"460 ",8.0 
Togo,2005,"450 ",8.0 
Togo,2004,"420 ",7.8 
Togo,2003,"410 ",7.7 
Togo,2002,"360 ",7.0 
Togo,2001,"340 ",6.8 
Togo,2000,"330 ",6.8 
Tonga,2015,"1 ",1.2 
Tonga,2014,"1 ",1.2 
Tonga,2013,"1 ",0.9 
Tonga,2012,"1 ",1.0 
Tonga,2011,"1 ",0.8 
Tonga,2010,"1 ",1.0 
Tonga,2009,"1 ",0.7 
Tonga,2008,"1 ",1.2 
Tonga,2007,"2 ",2.1 
Tonga,2006,"2 ",1.7 
Tonga,2005,"2 ",1.7 
Tonga,2004,"1 ",1.1 
Tonga,2003,"2 ",1.5 
Tonga,2002,"3 ",2.8 
Tonga,2001,"1 ",1.2 
Tonga,2000,"2 ",2.3 
Trinidad and Tobago,2015,"21 ",1.5 
Trinidad and Tobago,2014,"25 ",1.9 
Trinidad and Tobago,2013,"24 ",1.8 
Trinidad and Tobago,2012,"26 ",1.9 
Trinidad and Tobago,2011,"21 ",1.5 
Trinidad and Tobago,2010,"20 ",1.5 
Trinidad and Tobago,2009,"25 ",1.9 
Trinidad and Tobago,2008,"25 ",1.9 
Trinidad and Tobago,2007,"23 ",1.7 
Trinidad and Tobago,2006,"45 ",3.4 
Trinidad and Tobago,2005,"20 ",1.6 
Trinidad and Tobago,2004,"23 ",1.8 
Trinidad and Tobago,2003,"20 ",1.6 
Trinidad and Tobago,2002,"25 ",1.9 
Trinidad and Tobago,2001,"18 ",1.4 
Trinidad and Tobago,2000,"28 ",2.2 
Tunisia,2015,"240 ",2.1 
Tunisia,2014,"220 ",2.0 
Tunisia,2013,"210 ",1.9 
Tunisia,2012,"230 ",2.1 
Tunisia,2011,"250 ",2.3 
Tunisia,2010,"270 ",2.5 
Tunisia,2009,"290 ",2.7 
Tunisia,2008,"300 ",2.9 
Tunisia,2007,"300 ",2.9 
Tunisia,2006,"280 ",2.8 
Tunisia,2005,"280 ",2.7 
Tunisia,2004,"260 ",2.6 
Tunisia,2003,"260 ",2.6 
Tunisia,2002,"250 ",2.5 
Tunisia,2001,"260 ",2.6 
Tunisia,2000,"270 ",2.8 
Turkey,2015,"740 ",0.9 
Turkey,2014,"750 ",1.0 
Turkey,2013,"760 ",1.0 
Turkey,2012,"830 ",1.1 
Turkey,2011,"960 ",1.3 
Turkey,2010,"740 ",1.0 
Turkey,2009,"850 ",1.2 
Turkey,2008,"820 ",1.2 
Turkey,2007,"760 ",1.1 
Turkey,2006,"710 ",1.0 
Turkey,2005,"990 ",1.5 
Turkey,2004,"700 ",1.1 
Turkey,2003,"1 200 ",1.8 
Turkey,2002,"1 500 ",2.2 
Turkey,2001,"1 700 ",2.7 
Turkey,2000,"2 000 ",3.2 
Turkmenistan,2015,"460 ",8.5 
Turkmenistan,2014,"480 ",9.0 
Turkmenistan,2013,"450 ",8.6 
Turkmenistan,2012,"490 ",9.5 
Turkmenistan,2011,"710 ",14 
Turkmenistan,2010,"730 ",15 
Turkmenistan,2009,"950 ",19 
Turkmenistan,2008,"970 ",20 
Turkmenistan,2007,"1 300 ",27 
Turkmenistan,2006,"1 600 ",33 
Turkmenistan,2005,"1 800 ",37 
Turkmenistan,2004,"1 900 ",40 
Turkmenistan,2003,"1 700 ",38 
Turkmenistan,2002,"2 000 ",44 
Turkmenistan,2001,"2 000 ",43 
Turkmenistan,2000,"1 900 ",41 
Tuvalu,2015,"2 ",19 
Tuvalu,2014,"1 ",14 
Tuvalu,2013,"2 ",17 
Tuvalu,2012,"2 ",18 
Tuvalu,2011,"1 ",12 
Tuvalu,2010,"1 ",13 
Tuvalu,2009,"2 ",17 
Tuvalu,2008,"2 ",16 
Tuvalu,2007,"2 ",17 
Tuvalu,2006,"1 ",8.7 
Tuvalu,2005,"1 ",12 
Tuvalu,2004,"2 ",19 
Tuvalu,2003,"3 ",31 
Tuvalu,2002,"1 ",13 
Tuvalu,2001,"2 ",16 
Tuvalu,2000,"2 ",16 
Uganda,2015,"5 500 ",14 
Uganda,2014,"4 700 ",12 
Uganda,2013,"4 100 ",11 
Uganda,2012,"4 700 ",13 
Uganda,2011,"4 800 ",14 
Uganda,2010,"5 800 ",18 
Uganda,2009,"6 400 ",20 
Uganda,2008,"6 300 ",20 
Uganda,2007,"7 200 ",24 
Uganda,2006,"7 800 ",27 
Uganda,2005,"8 400 ",30 
Uganda,2004,"8 500 ",31 
Uganda,2003,"9 100 ",35 
Uganda,2002,"9 700 ",38 
Uganda,2001,"11 000 ",43 
Uganda,2000,"12 000 ",49 
Ukraine,2015,"5 000 ",11 
Ukraine,2014,"5 400 ",12 
Ukraine,2013,"6 300 ",14 
Ukraine,2012,"7 100 ",16 
Ukraine,2011,"7 200 ",16 
Ukraine,2010,"8 000 ",17 
Ukraine,2009,"8 700 ",19 
Ukraine,2008,"11 000 ",23 
Ukraine,2007,"11 000 ",24 
Ukraine,2006,"11 000 ",23 
Ukraine,2005,"12 000 ",26 
Ukraine,2004,"11 000 ",24 
Ukraine,2003,"11 000 ",23 
Ukraine,2002,"10 000 ",21 
Ukraine,2001,"11 000 ",24 
Ukraine,2000,"11 000 ",23 
United Arab Emirates,2015,"43 ",0.5 
United Arab Emirates,2014,"43 ",0.5 
United Arab Emirates,2013,"41 ",0.5 
United Arab Emirates,2012,"48 ",0.5 
United Arab Emirates,2011,"47 ",0.5 
United Arab Emirates,2010,"40 ",0.5 
United Arab Emirates,2009,"46 ",0.6 
United Arab Emirates,2008,"49 ",0.7 
United Arab Emirates,2007,"36 ",0.6 
United Arab Emirates,2006,"50 ",1.0 
United Arab Emirates,2005,"25 ",0.6 
United Arab Emirates,2004,"36 ",0.9 
United Arab Emirates,2003,"27 ",0.8 
United Arab Emirates,2002,"95 ",2.8 
United Arab Emirates,2001,"230 ",7.1 
United Arab Emirates,2000,"190 ",6.4 
United Kingdom of Great Britain and Northern Ireland,2015,"300 ",0.5 
United Kingdom of Great Britain and Northern Ireland,2014,"310 ",0.5 
United Kingdom of Great Britain and Northern Ireland,2013,"350 ",0.5 
United Kingdom of Great Britain and Northern Ireland,2012,"330 ",0.5 
United Kingdom of Great Britain and Northern Ireland,2011,"330 ",0.5 
United Kingdom of Great Britain and Northern Ireland,2010,"370 ",0.6 
United Kingdom of Great Britain and Northern Ireland,2009,"410 ",0.7 
United Kingdom of Great Britain and Northern Ireland,2008,"440 ",0.7 
United Kingdom of Great Britain and Northern Ireland,2007,"400 ",0.7 
United Kingdom of Great Britain and Northern Ireland,2006,"490 ",0.8 
United Kingdom of Great Britain and Northern Ireland,2005,"460 ",0.8 
United Kingdom of Great Britain and Northern Ireland,2004,"460 ",0.8 
United Kingdom of Great Britain and Northern Ireland,2003,"520 ",0.9 
United Kingdom of Great Britain and Northern Ireland,2002,"510 ",0.9 
United Kingdom of Great Britain and Northern Ireland,2001,"510 ",0.9 
United Kingdom of Great Britain and Northern Ireland,2000,"520 ",0.9 
United Republic of Tanzania,2015,"30 000 ",56 
United Republic of Tanzania,2014,"31 000 ",60 
United Republic of Tanzania,2013,"30 000 ",59 
United Republic of Tanzania,2012,"33 000 ",68 
United Republic of Tanzania,2011,"36 000 ",76 
United Republic of Tanzania,2010,"34 000 ",75 
United Republic of Tanzania,2009,"34 000 ",76 
United Republic of Tanzania,2008,"34 000 ",79 
United Republic of Tanzania,2007,"35 000 ",84 
United Republic of Tanzania,2006,"34 000 ",85 
United Republic of Tanzania,2005,"33 000 ",83 
United Republic of Tanzania,2004,"31 000 ",80 
United Republic of Tanzania,2003,"29 000 ",77 
United Republic of Tanzania,2002,"28 000 ",78 
United Republic of Tanzania,2001,"26 000 ",75 
United Republic of Tanzania,2000,"26 000 ",77 
United States of America,2015,"590 ",0.2 
United States of America,2014,"590 ",0.2 
United States of America,2013,"600 ",0.2 
United States of America,2012,"550 ",0.2 
United States of America,2011,"580 ",0.2 
United States of America,2010,"630 ",0.2 
United States of America,2009,"600 ",0.2 
United States of America,2008,"660 ",0.2 
United States of America,2007,"630 ",0.2 
United States of America,2006,"700 ",0.2 
United States of America,2005,"730 ",0.3 
United States of America,2004,"780 ",0.3 
United States of America,2003,"820 ",0.3 
United States of America,2002,"920 ",0.3 
United States of America,2001,"910 ",0.3 
United States of America,2000,"930 ",0.3 
Uruguay,2015,"69 ",2.0 
Uruguay,2014,"66 ",1.9 
Uruguay,2013,"68 ",2.0 
Uruguay,2012,"46 ",1.4 
Uruguay,2011,"47 ",1.4 
Uruguay,2010,"47 ",1.4 
Uruguay,2009,"67 ",2.0 
Uruguay,2008,"48 ",1.4 
Uruguay,2007,"80 ",2.4 
Uruguay,2006,"42 ",1.3 
Uruguay,2005,"62 ",1.9 
Uruguay,2004,"88 ",2.6 
Uruguay,2003,"75 ",2.3 
Uruguay,2002,"61 ",1.8 
Uruguay,2001,"74 ",2.2 
Uruguay,2000,"78 ",2.3 
Uzbekistan,2015,"2 600 ",8.8 
Uzbekistan,2014,"2 200 ",7.5 
Uzbekistan,2013,"1 700 ",5.9 
Uzbekistan,2012,"3 600 ",13 
Uzbekistan,2011,"3 700 ",13 
Uzbekistan,2010,"3 600 ",13 
Uzbekistan,2009,"2 900 ",11 
Uzbekistan,2008,"4 000 ",15 
Uzbekistan,2007,"3 500 ",13 
Uzbekistan,2006,"2 600 ",10 
Uzbekistan,2005,"3 500 ",14 
Uzbekistan,2004,"3 800 ",15 
Uzbekistan,2003,"4 300 ",17 
Uzbekistan,2002,"4 500 ",18 
Uzbekistan,2001,"4 500 ",18 
Uzbekistan,2000,"4 300 ",18 
Vanuatu,2015,"17 ",6.4 
Vanuatu,2014,"25 ",9.6 
Vanuatu,2013,"19 ",7.4 
Vanuatu,2012,"19 ",7.6 
Vanuatu,2011,"26 ",11 
Vanuatu,2010,"24 ",10 
Vanuatu,2009,"18 ",7.7 
Vanuatu,2008,"31 ",14 
Vanuatu,2007,"24 ",11 
Vanuatu,2006,"22 ",10 
Vanuatu,2005,"44 ",21 
Vanuatu,2004,"29 ",14 
Vanuatu,2003,"17 ",8.7 
Vanuatu,2002,"17 ",8.9 
Vanuatu,2001,"30 ",16 
Vanuatu,2000,"26 ",14 
Venezuela (Bolivarian Republic of),2015,"730 ",2.3 
Venezuela (Bolivarian Republic of),2014,"650 ",2.1 
Venezuela (Bolivarian Republic of),2013,"660 ",2.2 
Venezuela (Bolivarian Republic of),2012,"650 ",2.2 
Venezuela (Bolivarian Republic of),2011,"590 ",2.0 
Venezuela (Bolivarian Republic of),2010,"700 ",2.4 
Venezuela (Bolivarian Republic of),2009,"590 ",2.1 
Venezuela (Bolivarian Republic of),2008,"670 ",2.4 
Venezuela (Bolivarian Republic of),2007,"700 ",2.5 
Venezuela (Bolivarian Republic of),2006,"690 ",2.5 
Venezuela (Bolivarian Republic of),2005,"690 ",2.6 
Venezuela (Bolivarian Republic of),2004,"770 ",2.9 
Venezuela (Bolivarian Republic of),2003,"790 ",3.1 
Venezuela (Bolivarian Republic of),2002,"740 ",2.9 
Venezuela (Bolivarian Republic of),2001,"810 ",3.2 
Venezuela (Bolivarian Republic of),2000,"700 ",2.9 
Viet Nam,2015,"16 000 ",17 
Viet Nam,2014,"17 000 ",18 
Viet Nam,2013,"17 000 ",19 
Viet Nam,2012,"18 000 ",20 
Viet Nam,2011,"19 000 ",21 
Viet Nam,2010,"19 000 ",22 
Viet Nam,2009,"20 000 ",23 
Viet Nam,2008,"21 000 ",24 
Viet Nam,2007,"21 000 ",25 
Viet Nam,2006,"22 000 ",26 
Viet Nam,2005,"23 000 ",27 
Viet Nam,2004,"24 000 ",28 
Viet Nam,2003,"24 000 ",30 
Viet Nam,2002,"25 000 ",31 
Viet Nam,2001,"26 000 ",32 
Viet Nam,2000,"27 000 ",34 
Yemen,2015,"1 600 ",5.9 
Yemen,2014,"1 500 ",5.9 
Yemen,2013,"1 100 ",4.4 
Yemen,2012,"1 200 ",4.9 
Yemen,2011,"1 700 ",7.0 
Yemen,2010,"1 700 ",7.1 
Yemen,2009,"2 000 ",8.8 
Yemen,2008,"2 500 ",11 
Yemen,2007,"2 800 ",13 
Yemen,2006,"3 200 ",15 
Yemen,2005,"3 400 ",17 
Yemen,2004,"3 500 ",17 
Yemen,2003,"3 700 ",19 
Yemen,2002,"3 600 ",19 
Yemen,2001,"3 400 ",19 
Yemen,2000,"3 400 ",19 
Zambia,2015,"5 000 ",31 
Zambia,2014,"4 800 ",31 
Zambia,2013,"4 800 ",32 
Zambia,2012,"4 900 ",33 
Zambia,2011,"4 300 ",30 
Zambia,2010,"3 400 ",24 
Zambia,2009,"3 500 ",26 
Zambia,2008,"4 200 ",32 
Zambia,2007,"3 900 ",31 
Zambia,2006,"3 800 ",31 
Zambia,2005,"3 700 ",31 
Zambia,2004,"3 300 ",28 
Zambia,2003,"3 000 ",27 
Zambia,2002,"3 700 ",33 
Zambia,2001,"4 900 ",45 
Zambia,2000,"4 600 ",43 
Zimbabwe,2015,"1 700 ",11 
Zimbabwe,2014,"2 000 ",13 
Zimbabwe,2013,"1 900 ",13 
Zimbabwe,2012,"2 200 ",15 
Zimbabwe,2011,"2 100 ",14 
Zimbabwe,2010,"1 700 ",12 
Zimbabwe,2009,"2 100 ",15 
Zimbabwe,2008,"3 300 ",24 
Zimbabwe,2007,"3 300 ",25 
Zimbabwe,2006,"3 200 ",25 
Zimbabwe,2005,"2 800 ",22 
Zimbabwe,2004,"2 400 ",19 
Zimbabwe,2003,"2 300 ",18 
Zimbabwe,2002,"2 000 ",16 
Zimbabwe,2001,"2 100 ",17 
Zimbabwe,2000,"2 300 ",18 
