Country,Year,Treatment success rate: new TB cases,Treatment success rate: previously treated TB cases,Treatment success rate: HIV-positive TB cases,Treatment success rate for patients treated for MDR-TB (%),Treatment success rate: XDR-TB cases
Afghanistan,2014,87,80,,,
Afghanistan,2013,88,74,,63,
Afghanistan,2012,88,65,,71,
Afghanistan,2011,88,77,,67,
Afghanistan,2010,86,79,,,
Afghanistan,2009,86,,,,
Afghanistan,2008,88,,,,
Afghanistan,2007,87,83,,,
Afghanistan,2006,84,79,,,
Afghanistan,2005,90,89,,,
Afghanistan,2004,89,,,,
Afghanistan,2003,86,,,,
Afghanistan,2002,87,,,,
Afghanistan,2001,84,,,,
Afghanistan,2000,85,78,,,
Afghanistan,1999,86,84,,,
Afghanistan,1998,33,78,,,
Afghanistan,1997,45,,,,
Albania,2014,88,,100,,
Albania,2013,88,,50,,
Albania,2012,92,67,86,,
Albania,2011,92,83,50,,
Albania,2010,89,90,,,
Albania,2009,86,76,100,,
Albania,2008,88,75,100,,
Albania,2007,87,84,100,,
Albania,2006,87,86,67,0,
Albania,2005,81,73,100,,
Albania,2004,75,86,,,
Albania,2003,88,100,,,
Albania,2002,84,70,,,
Albania,2001,91,75,,,
Algeria,2014,88,57,,,
Algeria,2013,91,59,,,
Algeria,2012,90,74,,,
Algeria,2011,92,80,,,
Algeria,2010,89,83,,,
Algeria,2009,91,84,,,
Algeria,2008,90,83,,,
Algeria,2007,90,,,,
Algeria,2006,91,79,,,
Algeria,2005,87,72,,,
Algeria,2004,91,82,,,
Algeria,2003,90,75,,,
Algeria,2002,89,78,,,
Algeria,2001,84,72,,,
Algeria,2000,87,77,,,
Algeria,1999,87,85,,,
Algeria,1998,70,,,,
Algeria,1997,86,,,,
Algeria,1996,86,65,,,
Andorra,2014,83,,,,
Andorra,2013,60,,100,,
Andorra,2012,100,,,,
Andorra,2011,100,0,,,
Andorra,2010,86,,,,
Andorra,2009,88,100,,,
Andorra,2008,100,,,,
Andorra,2007,100,100,,,
Andorra,2006,80,67,,,
Andorra,2005,89,,,,
Andorra,2004,80,,,,
Andorra,2003,100,,,,
Andorra,2002,100,,,,
Andorra,2001,100,,,,
Andorra,2000,50,,,,
Andorra,1999,67,,,,
Andorra,1998,100,100,,,
Angola,2014,34,66,,,
Angola,2013,23,39,0,74,
Angola,2012,45,20,0,,
Angola,2011,27,0,,0,
Angola,2010,48,64,75,,
Angola,2009,41,66,,100,
Angola,2008,37,56,,,
Angola,2007,74,65,,,
Angola,2006,18,,,,
Angola,2005,72,47,,,
Angola,2004,69,,,,
Angola,2003,71,,,,
Angola,2002,74,51,,,
Angola,2001,68,,,,
Angola,2000,68,,,,
Angola,1998,68,,,,
Angola,1997,15,10,,,
Antigua and Barbuda,2013,67,,75,,
Antigua and Barbuda,2012,50,,0,,
Antigua and Barbuda,2011,17,50,20,,
Antigua and Barbuda,2010,33,,20,,
Antigua and Barbuda,2009,67,100,,,
Antigua and Barbuda,2008,100,,,,
Antigua and Barbuda,2007,50,,,,
Antigua and Barbuda,2005,50,,60,,
Antigua and Barbuda,2004,100,,100,,
Antigua and Barbuda,2002,100,,,,
Antigua and Barbuda,2001,100,,,,
Antigua and Barbuda,2000,100,,,,
Antigua and Barbuda,1999,50,,,,
Antigua and Barbuda,1998,50,,,,
Argentina,2014,52,37,34,,
Argentina,2013,51,40,32,15,0
Argentina,2012,56,44,24,34,
Argentina,2011,49,41,22,28,
Argentina,2010,45,32,,,
Argentina,2009,43,30,17,,
Argentina,2008,38,25,,,
Argentina,2007,60,43,,,
Argentina,2006,55,43,,,
Argentina,2005,46,33,22,,
Argentina,2004,57,47,29,,
Argentina,2003,66,46,,,
Argentina,2002,58,,,,
Argentina,2001,61,,,,
Argentina,2000,47,,,,
Argentina,1999,55,55,,,
Argentina,1998,55,,,,
Argentina,1997,42,,,,
Argentina,1996,23,,,,
Argentina,1995,12,,,,
Armenia,2014,78,50,60,,
Armenia,2013,81,78,66,43,20
Armenia,2012,81,47,,44,0
Armenia,2011,78,68,,50,50
Armenia,2010,82,67,,45,33
Armenia,2009,79,63,,51,
Armenia,2008,78,51,,55,
Armenia,2007,77,46,,53,
Armenia,2006,75,43,,41,
Armenia,2005,77,41,,,
Armenia,2004,75,48,,,
Armenia,2003,77,47,,,
Armenia,2002,79,31,,,
Armenia,2001,90,67,,,
Armenia,2000,87,67,,,
Armenia,1999,88,51,,,
Armenia,1998,81,,,,
Armenia,1997,82,,,,
Armenia,1996,77,75,,,
Armenia,1995,55,50,,,
Australia,2014,79,0,47,,
Australia,2013,85,83,77,86,
Australia,2012,82,57,64,75,
Australia,2011,78,66,68,42,
Australia,2010,82,69,81,56,0
Australia,2009,80,66,83,71,
Australia,2008,81,66,,73,
Australia,2007,85,76,92,,
Australia,2006,85,88,85,74,
Australia,2005,85,72,75,,
Australia,2004,91,,70,50,
Australia,2003,80,86,,67,
Australia,2002,78,71,,40,
Australia,2001,70,50,,,
Australia,2000,72,82,,,
Australia,1999,81,83,,,
Australia,1998,72,81,,,
Australia,1997,60,71,,,
Australia,1996,55,,,,
Austria,2014,74,67,,,
Austria,2013,72,63,,77,67
Austria,2012,69,40,,60,29
Austria,2011,72,43,,64,67
Austria,2010,75,76,,56,100
Austria,2009,70,43,,43,
Austria,2008,70,70,,27,25
Austria,2007,,,,0,
Austria,2006,71,73,,,
Austria,2005,71,67,,,
Austria,2004,70,65,,,
Austria,2003,68,60,,50,
Austria,2002,78,83,,,
Austria,2001,64,44,,,
Austria,2000,73,80,,,
Austria,1999,77,59,,,
Austria,1998,80,,,,
Austria,1997,79,,,,
Austria,1996,84,,,,
Austria,1995,82,,,,
Azerbaijan,2014,83,74,,,
Azerbaijan,2013,82,73,,59,26
Azerbaijan,2012,83,74,80,60,36
Azerbaijan,2011,78,71,,60,
Azerbaijan,2010,73,63,52,55,
Azerbaijan,2009,66,53,76,74,0
Azerbaijan,2008,56,50,,57,
Azerbaijan,2007,58,44,,,
Azerbaijan,2006,60,46,,,
Azerbaijan,2005,59,37,60,,
Azerbaijan,2004,66,41,,,
Azerbaijan,2003,70,51,,,
Azerbaijan,2002,83,64,,,
Azerbaijan,2001,77,37,,,
Azerbaijan,2000,90,66,,,
Azerbaijan,1999,83,69,,,
Azerbaijan,1998,84,70,,,
Azerbaijan,1997,89,,,,
Azerbaijan,1996,87,50,,,
Azerbaijan,1995,65,,,,
Bahamas,2014,84,100,67,,
Bahamas,2013,76,,40,,
Bahamas,2012,84,,75,100,
Bahamas,2011,65,100,50,0,
Bahamas,2010,69,100,50,,
Bahamas,2009,76,80,60,,
Bahamas,2008,70,33,61,100,
Bahamas,2007,64,100,42,,
Bahamas,2006,74,20,55,,
Bahamas,2005,52,75,,,
Bahamas,2004,62,,,,
Bahamas,2003,62,,,,
Bahamas,2002,59,,,,
Bahamas,2001,64,,,,
Bahamas,1999,66,,,,
Bahamas,1998,72,,,,
Bahamas,1997,77,,,,
Bahamas,1996,0,,,,
Bahrain,2012,44,,0,,
Bahrain,2011,61,,0,,
Bahrain,2010,96,,67,100,
Bahrain,2009,99,,88,,
Bahrain,2008,66,,0,,
Bahrain,2007,52,,0,50,
Bahrain,2006,97,,0,100,
Bahrain,2005,94,,100,,
Bahrain,2004,93,,0,,
Bahrain,2003,97,,,,
Bahrain,2002,88,,,,
Bahrain,2001,87,,,,
Bahrain,2000,73,,,,
Bahrain,1999,95,,,,
Bahrain,1998,13,,,,
Bahrain,1996,21,,,,
Bangladesh,2014,93,88,62,,
Bangladesh,2013,93,86,75,75,0
Bangladesh,2012,92,82,81,72,25
Bangladesh,2011,91,82,66,68,100
Bangladesh,2010,91,80,75,75,
Bangladesh,2009,91,81,91,63,
Bangladesh,2008,91,,54,83,
Bangladesh,2007,90,79,,82,
Bangladesh,2006,91,77,,,
Bangladesh,2005,90,80,,,
Bangladesh,2004,90,81,,,
Bangladesh,2003,85,73,,,
Bangladesh,2002,84,69,,,
Bangladesh,2001,83,,,,
Bangladesh,2000,81,72,,,
Bangladesh,1999,79,64,,,
Bangladesh,1998,77,74,,,
Bangladesh,1997,73,58,,,
Bangladesh,1996,63,57,,,
Bangladesh,1995,71,75,,,
Barbados,2014,100,,,,
Barbados,2013,100,,100,,
Barbados,2012,100,,,,
Barbados,2010,100,,100,,
Barbados,2009,100,,,,
Barbados,2008,100,,100,,
Barbados,2007,100,,100,,
Barbados,2006,100,,100,,
Barbados,2005,93,,100,,
Barbados,2003,100,100,,,
Barbados,1997,83,,,,
Barbados,1996,100,,,,
Belarus,2014,88,73,74,,
Belarus,2013,87,71,65,54,38
Belarus,2012,85,69,64,54,
Belarus,2011,71,29,39,50,
Belarus,2010,78,48,39,31,
Belarus,2009,77,42,,40,
Belarus,2008,80,59,,,
Belarus,2007,82,62,,,
Belarus,2006,80,64,,,
Belarus,2005,93,,,,
Belarus,2004,74,,,,
Belarus,2003,73,,,,
Belarus,1996,85,,,,
Belgium,2014,81,73,71,,
Belgium,2013,79,72,71,79,
Belgium,2012,77,72,70,61,100
Belgium,2011,80,61,87,75,67
Belgium,2010,78,64,63,58,100
Belgium,2009,78,67,,40,33
Belgium,2008,45,29,63,67,50
Belgium,2007,68,35,40,36,
Belgium,2006,61,42,50,69,
Belgium,2005,58,38,61,,
Belgium,2004,60,33,42,62,
Belgium,2003,73,63,,38,
Belgium,2002,69,76,,56,
Belgium,2001,64,60,,,
Belgium,2000,66,62,,,
Belgium,1999,60,57,,,
Belize,2014,35,,28,,
Belize,2013,36,67,12,50,
Belize,2012,55,,53,,
Belize,2011,,,0,,
Belize,2010,0,0,0,,
Belize,2009,,,,100,
Belize,2008,83,,17,,
Belize,2007,46,,50,,
Belize,2006,,,20,,
Belize,2005,70,86,50,,
Belize,2004,52,82,36,,
Belize,2003,89,71,,,
Belize,2002,85,,,,
Belize,2001,66,,,,
Belize,2000,78,,,,
Belize,1999,88,100,,,
Belize,1995,52,23,,,
Benin,2014,89,78,,,
Benin,2013,89,90,,93,
Benin,2012,90,86,,75,
Benin,2011,89,84,,50,
Benin,2010,90,85,,100,
Benin,2009,88,80,,86,
Benin,2008,87,77,,100,
Benin,2007,86,86,,100,
Benin,2006,86,78,,,
Benin,2005,87,81,,,
Benin,2004,83,78,,,
Benin,2003,81,76,,,
Benin,2002,80,75,,,
Benin,2001,79,76,,,
Benin,2000,78,82,,,
Benin,1999,77,68,,,
Benin,1998,76,71,,,
Benin,1997,72,60,,,
Benin,1996,72,58,,,
Benin,1995,71,67,,,
Bhutan,2014,90,79,90,,
Bhutan,2013,91,60,,92,
Bhutan,2012,92,35,,100,
Bhutan,2011,91,76,,86,
Bhutan,2010,91,84,,82,
Bhutan,2009,92,82,,64,
Bhutan,2008,91,79,,75,
Bhutan,2007,91,91,,83,
Bhutan,2006,86,75,,83,
Bhutan,2005,82,75,,,
Bhutan,2004,82,82,,,
Bhutan,2003,90,79,,,
Bhutan,2002,86,55,,,
Bhutan,2001,93,90,,,
Bhutan,2000,90,,,,
Bhutan,1999,85,87,,,
Bhutan,1998,90,,,,
Bhutan,1997,85,88,,,
Bhutan,1996,96,,,,
Bhutan,1995,97,59,,,
Bolivia (Plurinational State of),2014,83,57,,,
Bolivia (Plurinational State of),2013,85,77,,61,
Bolivia (Plurinational State of),2012,84,76,,67,
Bolivia (Plurinational State of),2011,82,73,,63,
Bolivia (Plurinational State of),2010,85,78,,53,
Bolivia (Plurinational State of),2009,85,78,,76,
Bolivia (Plurinational State of),2008,81,76,,61,
Bolivia (Plurinational State of),2007,80,76,,63,
Bolivia (Plurinational State of),2006,75,70,,,
Bolivia (Plurinational State of),2005,75,66,,,
Bolivia (Plurinational State of),2004,74,65,,,
Bolivia (Plurinational State of),2003,81,70,,,
Bolivia (Plurinational State of),2002,84,69,,,
Bolivia (Plurinational State of),2001,82,68,,,
Bolivia (Plurinational State of),2000,79,61,,,
Bolivia (Plurinational State of),1999,74,50,,,
Bolivia (Plurinational State of),1998,62,,,,
Bolivia (Plurinational State of),1997,77,,,,
Bolivia (Plurinational State of),1996,71,,,,
Bolivia (Plurinational State of),1995,62,66,,,
Bosnia and Herzegovina,2014,77,,,,
Bosnia and Herzegovina,2013,82,,,100,
Bosnia and Herzegovina,2012,84,77,,43,
Bosnia and Herzegovina,2011,72,63,,20,
Bosnia and Herzegovina,2010,98,95,,57,
Bosnia and Herzegovina,2009,96,84,,100,
Bosnia and Herzegovina,2008,92,75,,,
Bosnia and Herzegovina,2007,97,92,,,
Bosnia and Herzegovina,2006,97,95,,,
Bosnia and Herzegovina,2005,97,92,,,
Bosnia and Herzegovina,2004,98,92,,,
Bosnia and Herzegovina,2003,94,94,,,
Bosnia and Herzegovina,2002,95,93,,,
Bosnia and Herzegovina,2001,98,96,,,
Bosnia and Herzegovina,2000,94,93,,,
Bosnia and Herzegovina,1999,90,82,,,
Bosnia and Herzegovina,1998,88,85,,,
Bosnia and Herzegovina,1997,90,95,,,
Bosnia and Herzegovina,1996,57,,,,
Bosnia and Herzegovina,1995,97,,,,
Botswana,2014,77,57,77,,
Botswana,2013,73,60,71,71,50
Botswana,2012,76,63,75,70,100
Botswana,2011,76,70,74,70,67
Botswana,2010,78,66,76,63,0
Botswana,2009,76,64,74,73,
Botswana,2008,58,45,57,49,
Botswana,2007,64,51,69,53,
Botswana,2006,72,53,,88,
Botswana,2005,70,61,,,
Botswana,2004,65,,,,
Botswana,2003,77,,,,
Botswana,2002,71,65,,,
Botswana,2001,78,73,,,
Botswana,2000,77,75,,,
Botswana,1999,71,72,,,
Botswana,1998,47,63,,,
Botswana,1997,70,,,,
Botswana,1996,70,,,,
Botswana,1995,67,,,,
Brazil,2014,71,39,49,,
Brazil,2013,72,38,46,52,12
Brazil,2012,72,36,48,51,25
Brazil,2011,73,49,47,56,21
Brazil,2010,72,46,46,64,8
Brazil,2009,70,42,44,49,9
Brazil,2008,69,50,48,50,9
Brazil,2007,72,51,48,44,
Brazil,2006,69,47,50,59,
Brazil,2005,72,48,47,,
Brazil,2004,72,49,46,58,
Brazil,2003,77,64,,60,
Brazil,2002,80,60,,57,
Brazil,2001,55,23,,,
Brazil,2000,71,40,,,
Brazil,1999,78,16,,,
Brazil,1998,40,,,,
Brazil,1997,27,,,,
Brazil,1996,20,,,,
Brazil,1995,17,,,,
Brunei Darussalam,2014,65,,,,
Brunei Darussalam,2013,73,,,0,
Brunei Darussalam,2012,71,,50,,
Brunei Darussalam,2011,66,63,67,,
Brunei Darussalam,2010,78,100,100,,
Brunei Darussalam,2009,62,,50,,
Brunei Darussalam,2008,84,83,,,
Brunei Darussalam,2007,77,100,,,
Brunei Darussalam,2006,83,100,100,,
Brunei Darussalam,2005,71,80,100,,
Brunei Darussalam,2004,72,75,,,
Brunei Darussalam,2003,60,38,,,
Brunei Darussalam,2002,84,70,,,
Brunei Darussalam,2001,56,,,,
Brunei Darussalam,2000,63,,,,
Brunei Darussalam,1999,76,100,,,
Brunei Darussalam,1998,85,93,,,
Bulgaria,2014,86,56,33,,
Bulgaria,2013,85,50,75,52,0
Bulgaria,2012,87,47,33,66,20
Bulgaria,2011,86,66,80,55,
Bulgaria,2010,87,64,0,16,100
Bulgaria,2009,87,69,,19,
Bulgaria,2008,85,67,,23,
Bulgaria,2007,82,59,,25,
Bulgaria,2006,85,71,100,,
Bulgaria,2005,88,67,,,
Bulgaria,2004,85,75,,,
Bulgaria,2003,91,68,,,
Bulgaria,2002,84,79,,26,
Bulgaria,2001,87,78,,,
Burkina Faso,2014,81,75,74,,
Burkina Faso,2013,80,75,71,62,
Burkina Faso,2012,80,74,76,58,
Burkina Faso,2011,77,75,67,73,0
Burkina Faso,2010,78,76,69,63,0
Burkina Faso,2009,77,75,,50,0
Burkina Faso,2008,76,77,,75,
Burkina Faso,2007,73,75,,40,
Burkina Faso,2006,72,75,,,
Burkina Faso,2005,71,75,,,
Burkina Faso,2004,67,62,,,
Burkina Faso,2003,66,59,,,
Burkina Faso,2002,64,58,,,
Burkina Faso,2001,65,68,,,
Burkina Faso,2000,60,61,,,
Burkina Faso,1999,61,61,,,
Burkina Faso,1998,59,88,,,
Burkina Faso,1997,61,,,,
Burkina Faso,1996,29,,,,
Burkina Faso,1995,25,77,,,
Burundi,2014,91,82,86,,
Burundi,2013,91,84,87,89,
Burundi,2012,89,81,85,92,
Burundi,2011,89,85,82,90,
Burundi,2010,88,82,92,92,
Burundi,2009,86,84,80,81,
Burundi,2008,82,76,,80,
Burundi,2007,80,79,,66,
Burundi,2006,78,,,60,
Burundi,2005,71,,,,
Burundi,2004,73,,,45,
Burundi,2003,79,50,,56,
Burundi,2002,79,63,,,
Burundi,2001,80,63,,,
Burundi,2000,80,63,,,
Burundi,1998,74,68,,,
Burundi,1997,67,,,,
Burundi,1995,45,46,,,
Côte d'Ivoire,2014,79,51,69,,
Côte d'Ivoire,2013,80,64,,85,
Côte d'Ivoire,2012,79,66,,,
Côte d'Ivoire,2011,76,67,,,
Côte d'Ivoire,2010,75,65,,,
Côte d'Ivoire,2009,77,64,,,
Côte d'Ivoire,2008,75,68,,,
Côte d'Ivoire,2007,71,67,,,
Côte d'Ivoire,2006,73,68,,,
Côte d'Ivoire,2005,74,58,,,
Côte d'Ivoire,2004,69,49,,5,
Côte d'Ivoire,2003,72,44,,30,
Côte d'Ivoire,2002,65,50,,8,
Côte d'Ivoire,2001,72,57,,,
Côte d'Ivoire,2000,57,55,,,
Côte d'Ivoire,1999,63,66,,,
Côte d'Ivoire,1998,62,55,,,
Côte d'Ivoire,1997,61,66,,,
Côte d'Ivoire,1996,56,59,,,
Côte d'Ivoire,1995,68,,,,
Cabo Verde,2014,92,58,85,,
Cabo Verde,2013,88,42,83,,
Cabo Verde,2012,86,64,67,,
Cabo Verde,2011,64,37,69,,
Cabo Verde,2008,75,48,,,
Cabo Verde,2006,79,52,,,
Cabo Verde,2005,64,56,,,
Cabo Verde,2004,71,71,,,
Cabo Verde,2003,72,,,,
Cabo Verde,2002,53,67,,,
Cabo Verde,2001,42,,,,
Cabo Verde,2000,64,,,,
Cambodia,2014,93,,,,
Cambodia,2013,93,90,,75,
Cambodia,2012,94,88,,79,
Cambodia,2011,94,74,,86,
Cambodia,2010,89,75,,68,
Cambodia,2009,94,79,,78,
Cambodia,2008,94,79,,68,
Cambodia,2007,93,83,,69,
Cambodia,2006,92,85,,,
Cambodia,2005,91,76,,,
Cambodia,2004,91,86,,,
Cambodia,2003,93,87,,,
Cambodia,2002,92,89,,,
Cambodia,2001,92,92,,,
Cambodia,2000,91,90,,,
Cambodia,1999,93,90,,,
Cambodia,1998,95,91,,,
Cambodia,1997,91,90,,,
Cambodia,1996,94,89,,,
Cambodia,1995,91,85,,,
Cameroon,2014,84,65,78,,
Cameroon,2013,82,71,,92,
Cameroon,2012,79,65,,92,
Cameroon,2011,79,70,,13,
Cameroon,2010,78,71,,89,
Cameroon,2009,77,69,,91,
Cameroon,2008,75,66,,96,
Cameroon,2007,74,64,,82,
Cameroon,2006,74,44,,,
Cameroon,2005,74,55,,,
Cameroon,2004,71,49,,,
Cameroon,2002,71,69,,,
Cameroon,2001,62,57,,,
Cameroon,2000,77,59,,,
Cameroon,1999,75,67,,,
Cameroon,1998,75,67,,,
Cameroon,1997,60,68,,,
Cameroon,1996,59,,,,
Cameroon,1995,53,,,,
Canada,2014,82,,74,,
Canada,2013,82,,74,67,100
Canada,2012,79,67,73,63,0
Canada,2011,66,56,62,88,100
Canada,2010,78,71,78,92,100
Canada,2009,77,64,75,88,
Canada,2008,79,79,69,46,100
Canada,2007,67,63,68,36,
Canada,2006,60,48,54,75,
Canada,2005,70,68,62,,
Canada,2004,61,54,73,100,
Canada,2003,45,36,,33,
Canada,2002,36,31,,,
Canada,2001,42,41,,,
Canada,2000,35,32,,,
Canada,1999,36,25,,,
Canada,1998,39,32,,,
Canada,1997,40,42,,,
Central African Republic,2014,70,64,68,,
Central African Republic,2013,70,62,62,81,
Central African Republic,2012,68,60,65,81,
Central African Republic,2011,59,55,,,
Central African Republic,2010,59,58,52,,
Central African Republic,2009,47,32,61,,
Central African Republic,2008,71,82,,,
Central African Republic,2007,67,,,,
Central African Republic,2005,68,82,,,
Central African Republic,2004,88,91,85,,
Central African Republic,2003,59,61,,,
Central African Republic,2001,54,60,,,
Central African Republic,2000,58,49,,,
Central African Republic,1995,37,,,,
Chad,2014,68,49,,,
Chad,2013,74,53,,,
Chad,2012,69,56,,,
Chad,2011,68,60,,,
Chad,2010,54,73,,,
Chad,2009,72,70,,,
Chad,2006,54,,,,
Chad,2004,71,66,,,
Chad,2003,74,74,,,
Chad,2002,58,89,,,
Chad,1998,64,,,,
Chad,1995,47,48,,,
Chile,2014,58,14,40,,
Chile,2013,47,5,13,21,
Chile,2012,44,11,40,56,
Chile,2011,71,43,16,50,
Chile,2010,71,26,,42,
Chile,2009,72,24,,21,
Chile,2008,72,22,,17,
Chile,2007,85,29,,36,
Chile,2006,85,66,,50,
Chile,2005,83,72,,,
Chile,2004,83,,,43,
Chile,2003,85,,,,
Chile,2002,86,,,50,
Chile,2001,83,73,,,
Chile,2000,82,58,,,
Chile,1999,83,69,,,
Chile,1998,83,78,,,
Chile,1997,77,64,,,
Chile,1996,80,74,,,
Chile,1995,79,,,,
China,2014,94,88,86,,
China,2013,95,90,82,55,22
China,2012,95,90,47,42,13
China,2011,95,90,85,50,25
China,2010,95,90,76,42,
China,2009,94,90,73,46,
China,2008,93,90,75,46,
China,2007,93,89,67,,
China,2006,92,89,56,,
China,2005,92,90,,,
China,2004,92,89,,,
China,2003,93,89,,,
China,2002,92,88,,,
China,2001,95,92,,,
China,2000,93,89,,,
China,1999,95,95,,,
China,1998,95,95,,,
China,1997,95,,,,
China,1996,94,94,,,
China,1995,93,92,,,
Colombia,2014,76,43,54,,
Colombia,2013,71,42,45,62,25
Colombia,2012,72,51,,48,25
Colombia,2011,73,45,,49,22
Colombia,2010,74,17,,14,100
Colombia,2009,75,,,,
Colombia,2008,56,,,0,0
Colombia,2007,77,,,,
Colombia,2006,71,,,,
Colombia,2005,71,,,,
Colombia,2004,80,,,,
Colombia,2003,80,,,,
Colombia,2002,73,,,,
Colombia,2001,71,,,,
Colombia,2000,80,,,,
Colombia,1999,81,,,,
Colombia,1998,74,,,,
Comoros,2013,94,67,50,,
Comoros,2012,87,,25,,
Comoros,2011,25,,25,,
Comoros,2010,90,80,,,
Comoros,2008,89,100,,,
Comoros,2007,94,67,,,
Comoros,2005,94,100,0,,
Comoros,2004,94,,,,
Comoros,2002,96,100,,,
Comoros,2001,92,100,,,
Comoros,2000,93,100,,,
Comoros,1999,93,100,,,
Comoros,1997,85,80,,,
Comoros,1995,90,43,,,
Congo,2014,69,94,,,
Congo,2012,70,60,,,
Congo,2011,71,51,,,
Congo,2010,77,57,,,
Congo,2009,78,81,,,
Congo,2008,76,72,,,
Congo,2006,53,57,,,
Congo,2005,28,14,,,
Congo,2004,63,60,,,
Congo,2003,69,72,,,
Congo,2002,71,78,,,
Congo,2001,66,,,,
Congo,2000,69,63,,,
Congo,1999,61,59,,,
Cook Islands,2014,0,,,,
Cook Islands,2013,50,,,,
Cook Islands,2012,0,,,100,
Cook Islands,2011,0,,,,
Cook Islands,2008,50,,,,
Cook Islands,2007,100,,,,
Cook Islands,2005,100,,,,
Cook Islands,2004,0,,,,
Cook Islands,2002,100,,,,
Cook Islands,2001,0,,,,
Cook Islands,1999,67,,,,
Cook Islands,1997,100,,,,
Cook Islands,1996,100,,,,
Cook Islands,1995,100,,,,
Costa Rica,2014,89,,64,,
Costa Rica,2013,88,50,69,,
Costa Rica,2012,86,88,59,,
Costa Rica,2011,88,81,78,100,
Costa Rica,2010,88,80,81,100,
Costa Rica,2009,57,0,,100,
Costa Rica,2008,89,84,77,,
Costa Rica,2007,86,68,95,,
Costa Rica,2006,86,68,81,,
Costa Rica,2005,90,67,58,,
Costa Rica,2003,91,78,,,
Costa Rica,2002,79,63,,,
Costa Rica,2001,64,,,,
Costa Rica,2000,57,32,,,
Costa Rica,1999,81,,,,
Croatia,2014,71,,,,
Croatia,2013,44,17,,,
Croatia,2012,9,22,,,
Croatia,2010,76,76,100,,
Croatia,2009,63,50,,50,
Croatia,2008,58,,33,,
Croatia,2007,61,,,,
Croatia,2006,31,62,,,
Croatia,2005,40,33,,,
Croatia,2004,33,29,,,
Croatia,2003,38,,,,
Croatia,2002,70,,,,
Cuba,2014,82,23,67,,
Cuba,2013,84,28,57,100,
Cuba,2012,85,30,54,67,0
Cuba,2011,88,68,60,75,0
Cuba,2010,90,82,70,29,
Cuba,2009,90,74,67,33,
Cuba,2008,88,80,66,100,
Cuba,2007,91,83,69,,
Cuba,2006,90,83,67,,
Cuba,2005,90,67,72,,
Cuba,2004,92,80,72,,
Cuba,2003,93,82,,,
Cuba,2002,92,80,,,
Cuba,2001,93,89,,,
Cuba,2000,93,84,,,
Cuba,1999,91,86,,,
Cuba,1998,94,84,,,
Cuba,1997,90,80,,,
Cuba,1996,92,75,,,
Cuba,1995,90,82,,,
Cyprus,2014,59,50,,,
Cyprus,2013,50,,,,
Cyprus,2012,43,50,,,
Cyprus,2011,64,100,,,
Cyprus,2010,26,,,,
Cyprus,2009,23,17,,,
Cyprus,2008,50,100,,,
Cyprus,2006,74,100,,,
Cyprus,2005,64,100,,,
Cyprus,2004,37,100,,,
Cyprus,2003,79,,,50,
Cyprus,2002,75,100,,,
Cyprus,2001,92,100,,,
Cyprus,1998,42,,,,
Cyprus,1995,100,,,,
Czechia,2014,76,65,0,,
Czechia,2013,69,83,,,
Czechia,2012,75,76,20,33,0
Czechia,2011,70,75,75,,
Czechia,2010,73,73,0,44,100
Czechia,2009,70,68,50,0,0
Czechia,2008,70,67,60,55,100
Czechia,2007,73,76,29,38,
Czechia,2006,72,63,,,
Czechia,2005,74,55,,,
Czechia,2004,73,70,,,
Czechia,2003,79,85,,,
Czechia,2002,73,50,,,
Czechia,2001,73,67,,,
Czechia,2000,70,63,,,
Czechia,1999,78,42,,,
Czechia,1998,65,63,,,
Czechia,1997,69,56,,,
Czechia,1996,66,65,,,
Czechia,1995,60,,,,
Democratic People's Republic of Korea,2014,91,82,,,
Democratic People's Republic of Korea,2013,92,83,,84,
Democratic People's Republic of Korea,2012,92,84,,86,
Democratic People's Republic of Korea,2011,92,84,,,
Democratic People's Republic of Korea,2010,91,84,,,
Democratic People's Republic of Korea,2009,91,83,,,
Democratic People's Republic of Korea,2008,90,82,,,
Democratic People's Republic of Korea,2007,87,77,,,
Democratic People's Republic of Korea,2006,88,77,,,
Democratic People's Republic of Korea,2005,90,76,,,
Democratic People's Republic of Korea,2004,91,75,,,
Democratic People's Republic of Korea,2003,88,81,,,
Democratic People's Republic of Korea,2002,88,81,,,
Democratic People's Republic of Korea,2001,90,86,,,
Democratic People's Republic of Korea,2000,82,86,,,
Democratic People's Republic of Korea,1999,93,63,,,
Democratic People's Republic of Korea,1998,83,85,,,
Democratic People's Republic of Korea,1997,34,,,,
Democratic People's Republic of Korea,1996,62,,,,
Democratic Republic of the Congo,2014,89,65,,,
Democratic Republic of the Congo,2013,87,66,,63,
Democratic Republic of the Congo,2012,88,74,0,64,
Democratic Republic of the Congo,2011,87,74,,59,
Democratic Republic of the Congo,2010,89,76,,36,
Democratic Republic of the Congo,2009,88,77,,33,
Democratic Republic of the Congo,2008,86,75,,56,
Democratic Republic of the Congo,2007,86,75,,61,
Democratic Republic of the Congo,2006,60,67,,,
Democratic Republic of the Congo,2005,85,74,,,
Democratic Republic of the Congo,2004,85,71,61,53,
Democratic Republic of the Congo,2003,83,72,,,
Democratic Republic of the Congo,2002,78,67,,,
Democratic Republic of the Congo,2001,77,,,,
Democratic Republic of the Congo,2000,78,,,,
Democratic Republic of the Congo,1999,69,67,,,
Democratic Republic of the Congo,1998,70,31,,,
Democratic Republic of the Congo,1997,64,46,,,
Democratic Republic of the Congo,1996,48,33,,,
Democratic Republic of the Congo,1995,74,72,,,
Denmark,2014,52,63,25,,
Denmark,2013,59,48,43,,100
Denmark,2012,64,60,30,,
Denmark,2011,62,59,78,0,
Denmark,2010,74,63,33,,
Denmark,2009,74,74,71,,
Denmark,2008,78,90,82,,
Denmark,2007,79,50,92,,
Denmark,2006,71,68,,50,
Denmark,2005,85,91,,,
Denmark,2004,86,70,40,,
Denmark,2003,84,78,,,
Denmark,2002,77,90,,,
Denmark,2001,88,64,,,
Denmark,2000,86,87,,,
Djibouti,2014,81,,,,
Djibouti,2013,75,,,,
Djibouti,2012,31,,,,
Djibouti,2011,82,63,,51,
Djibouti,2010,80,70,,,
Djibouti,2009,79,75,,,
Djibouti,2008,84,76,,,
Djibouti,2007,81,67,,,
Djibouti,2006,80,69,,,
Djibouti,2005,80,69,,,
Djibouti,2004,78,67,,,
Djibouti,2003,73,49,,,
Djibouti,2002,82,73,,,
Djibouti,2001,,67,,,
Djibouti,2000,62,37,,,
Djibouti,1999,72,59,,,
Djibouti,1998,79,,,,
Djibouti,1997,76,53,,,
Djibouti,1996,77,63,,,
Djibouti,1995,75,,,,
Dominica,2014,100,,100,,
Dominica,2013,100,,100,,
Dominica,2012,100,100,,100,
Dominica,2011,100,0,,,
Dominica,2010,100,100,100,,
Dominica,2009,100,,0,,
Dominica,2008,100,,100,,
Dominica,2007,67,0,,,
Dominica,2006,50,,,,
Dominica,2001,100,,,,
Dominica,1997,83,,,,
Dominica,1996,100,,,,
Dominican Republic,2014,83,58,69,,
Dominican Republic,2013,83,51,65,73,75
Dominican Republic,2012,82,64,67,72,
Dominican Republic,2011,83,61,71,61,0
Dominican Republic,2010,80,64,65,68,
Dominican Republic,2009,62,53,33,56,
Dominican Republic,2008,46,0,30,69,
Dominican Republic,2007,78,38,74,70,
Dominican Republic,2006,78,48,68,75,
Dominican Republic,2005,84,60,54,,
Dominican Republic,2004,79,49,55,,
Dominican Republic,2003,80,59,,,
Dominican Republic,2002,77,55,,,
Dominican Republic,2001,78,56,,,
Dominican Republic,2000,70,54,,,
Dominican Republic,1999,76,,,,
Dominican Republic,1998,41,,,,
Dominican Republic,1997,84,,,,
Dominican Republic,1996,61,,,,
Dominican Republic,1995,64,,,,
Ecuador,2014,77,52,,,
Ecuador,2013,75,53,,45,
Ecuador,2012,75,43,,54,
Ecuador,2011,73,35,,56,
Ecuador,2010,76,,,33,0
Ecuador,2009,73,55,,54,
Ecuador,2008,75,69,,64,
Ecuador,2007,73,47,,62,
Ecuador,2006,57,56,,51,
Ecuador,2005,82,64,,,
Ecuador,2004,84,59,,75,
Ecuador,2003,84,,,,
Ecuador,2002,84,,,39,
Ecuador,2001,71,41,,,
Ecuador,1999,66,69,,,
Ecuador,1997,55,34,,,
Ecuador,1996,33,,,,
Ecuador,1995,39,,,,
Egypt,2014,84,56,,,
Egypt,2013,86,72,29,57,
Egypt,2012,88,61,,63,
Egypt,2011,88,72,83,68,
Egypt,2010,89,72,60,81,
Egypt,2009,91,78,50,64,0
Egypt,2008,91,71,78,72,0
Egypt,2007,90,65,,67,
Egypt,2006,87,69,67,,
Egypt,2005,79,59,,,
Egypt,2004,70,45,,,
Egypt,2003,80,65,,,
Egypt,2002,88,,,,
Egypt,2001,82,67,,,
Egypt,2000,87,63,,,
Egypt,1999,85,60,,,
Egypt,1998,83,63,,,
Egypt,1997,78,52,,,
Egypt,1996,51,57,,,
Egypt,1995,62,,,,
El Salvador,2014,91,43,75,,
El Salvador,2013,93,76,69,90,
El Salvador,2012,93,60,79,100,
El Salvador,2011,93,90,74,100,
El Salvador,2010,92,90,79,100,
El Salvador,2009,91,88,70,50,
El Salvador,2008,92,84,78,60,
El Salvador,2007,91,83,73,100,
El Salvador,2006,92,76,71,,
El Salvador,2005,93,68,73,,
El Salvador,2004,90,73,55,33,
El Salvador,2003,88,75,,,
El Salvador,2002,88,71,,,
El Salvador,2001,88,75,,,
El Salvador,2000,79,66,,,
El Salvador,1999,78,60,,,
El Salvador,1998,77,58,,,
El Salvador,1997,69,,,,
El Salvador,1996,64,,,,
Equatorial Guinea,2014,58,14,28,,
Equatorial Guinea,2013,62,53,57,,
Equatorial Guinea,2010,68,46,,,
Equatorial Guinea,2009,65,50,,,
Equatorial Guinea,2008,54,36,,,
Equatorial Guinea,2007,58,19,52,,
Equatorial Guinea,2003,51,,,,
Equatorial Guinea,1997,82,63,,,
Equatorial Guinea,1996,77,67,,,
Equatorial Guinea,1995,89,83,,,
Eritrea,2014,91,88,83,,
Eritrea,2013,89,77,79,83,
Eritrea,2012,87,72,,100,
Eritrea,2011,76,69,,45,
Eritrea,2010,86,88,,,
Eritrea,2009,86,82,,,
Eritrea,2008,84,68,,,
Eritrea,2007,88,78,,,
Eritrea,2006,90,80,,,
Eritrea,2005,88,,,,
Eritrea,2004,85,,,,
Eritrea,2003,85,,,,
Eritrea,2002,82,87,,,
Eritrea,2001,80,,,,
Eritrea,2000,76,,,,
Eritrea,1999,44,69,,,
Eritrea,1998,73,81,,,
Eritrea,1997,83,,,,
Estonia,2014,84,100,71,,
Estonia,2013,87,60,66,70,40
Estonia,2012,74,20,47,76,33
Estonia,2011,64,31,37,61,29
Estonia,2010,66,40,44,47,20
Estonia,2009,64,48,56,41,0
Estonia,2008,64,44,46,48,33
Estonia,2007,66,52,50,49,
Estonia,2006,71,53,,,
Estonia,2005,77,42,61,,
Estonia,2004,76,42,42,,
Estonia,2003,70,29,,,
Estonia,2002,67,40,,,
Estonia,2001,64,33,,,
Estonia,2000,70,56,,,
Estonia,1999,63,62,,,
Estonia,1998,65,,,,
Ethiopia,2014,89,,,,
Ethiopia,2013,89,,,68,
Ethiopia,2012,91,43,,83,
Ethiopia,2011,89,78,,72,
Ethiopia,2010,77,83,,84,
Ethiopia,2009,81,67,,90,
Ethiopia,2008,80,75,,,
Ethiopia,2007,84,63,,,
Ethiopia,2006,84,69,,,
Ethiopia,2005,78,56,,,
Ethiopia,2004,79,54,,,
Ethiopia,2003,70,60,,,
Ethiopia,2002,76,60,,,
Ethiopia,2001,76,64,,,
Ethiopia,2000,80,71,,,
Ethiopia,1999,74,74,,,
Ethiopia,1998,74,60,,,
Ethiopia,1997,72,69,,,
Ethiopia,1996,71,71,,,
Ethiopia,1995,61,79,,,
Fiji,2014,87,88,91,,
Fiji,2013,77,64,75,,
Fiji,2012,86,71,100,,
Fiji,2011,91,57,100,,
Fiji,2010,64,67,,,
Fiji,2009,83,80,,,
Fiji,2008,85,,,,
Fiji,2007,80,,,,
Fiji,2006,55,,,,
Fiji,2005,65,,100,,
Fiji,2003,86,50,,,
Fiji,2002,78,100,,,
Fiji,2001,85,,,,
Fiji,2000,85,,,,
Fiji,1999,92,92,,,
Fiji,1998,90,,,,
Fiji,1997,91,,,,
Fiji,1996,86,,,,
Fiji,1995,86,,,,
Finland,2014,45,40,,,
Finland,2013,53,17,,,
Finland,2012,44,55,,,
Finland,2011,40,25,,,
Finland,2010,47,50,,,
Finland,2009,41,31,,,
Finland,2008,40,50,,,
Finland,2007,41,47,,,
Gabon,2014,58,50,,,
Gabon,2013,55,41,,,
Gabon,2012,54,18,,,
Gabon,2011,48,40,36,,
Gabon,2010,60,65,64,,
Gabon,2009,61,79,52,,
Gabon,2008,63,31,44,,
Gabon,2007,30,42,,,
Gabon,2006,42,50,,,
Gabon,2005,46,30,40,,
Gabon,2004,40,29,,,
Gabon,2003,34,17,,,
Gabon,2002,47,37,,,
Gabon,2001,,33,,,
Gabon,1998,50,,,,
Gabon,1997,50,,,,
Gabon,1995,86,,,,
Gambia,2014,88,,,,
Gambia,2013,86,,,,
Gambia,2012,85,77,,,
Gambia,2011,88,78,,,
Gambia,2010,88,36,,,
Gambia,2009,89,72,,,
Gambia,2008,84,74,,,
Gambia,2007,84,75,,,
Gambia,2006,58,,,,
Gambia,2005,87,,,,
Gambia,2004,86,74,,,
Gambia,2003,75,56,,,
Gambia,2002,74,41,,,
Gambia,2001,71,74,,,
Gambia,1997,70,,,,
Gambia,1996,80,63,,,
Gambia,1995,76,69,,,
Georgia,2014,83,69,76,,
Georgia,2013,80,69,68,43,21
Georgia,2012,85,74,63,48,28
Georgia,2011,81,61,52,50,11
Georgia,2010,79,62,29,54,23
Georgia,2009,79,60,45,54,39
Georgia,2008,77,50,44,56,33
Georgia,2007,80,56,44,38,
Georgia,2006,80,56,36,,
Georgia,2005,77,55,46,,
Georgia,2004,69,49,11,,
Georgia,2003,66,41,,,
Georgia,2002,65,38,,,
Georgia,2001,67,45,,,
Georgia,2000,63,54,,,
Georgia,1999,61,43,,,
Georgia,1998,78,,,,
Georgia,1997,65,,,,
Georgia,1996,73,,,,
Georgia,1995,58,32,,,
Germany,2014,63,64,,,
Germany,2013,67,60,,39,
Germany,2012,74,61,,47,
Germany,2011,73,62,,53,100
Germany,2010,76,72,,55,
Germany,2009,76,64,,61,
Germany,2008,78,75,,57,
Germany,2007,77,69,,65,
Germany,2006,44,40,,54,
Germany,2005,73,66,,,
Germany,2004,71,66,,,
Germany,2003,71,52,,63,
Germany,2002,69,68,,62,
Germany,2001,67,57,,,
Germany,2000,77,71,,,
Germany,1999,58,50,,,
Germany,1998,54,50,,,
Germany,1997,54,57,,,
Ghana,2014,85,81,76,,
Ghana,2013,85,77,73,69,
Ghana,2012,84,72,73,100,
Ghana,2011,85,77,74,50,
Ghana,2010,84,77,69,33,
Ghana,2009,83,76,61,,
Ghana,2008,82,67,72,,
Ghana,2007,77,58,68,,
Ghana,2006,66,63,62,,
Ghana,2005,61,48,,,
Ghana,2004,68,47,,,
Ghana,2003,66,37,,,
Ghana,2002,60,,,,
Ghana,2001,56,,,,
Ghana,2000,50,,,,
Ghana,1999,51,,,,
Ghana,1998,54,,,,
Ghana,1997,48,,,,
Ghana,1996,51,55,,,
Ghana,1995,54,74,,,
Grenada,2013,100,,,,
Grenada,2012,100,,,,
Grenada,2011,100,,,,
Grenada,2010,75,,0,,
Grenada,2009,60,,100,,
Grenada,2008,33,,0,,
Grenada,2007,100,,,,
Grenada,2005,67,,0,,
Grenada,2003,50,,,,
Grenada,2002,100,,,,
Grenada,1999,67,,,,
Grenada,1998,50,,,,
Grenada,1997,75,,,,
Guatemala,2014,85,53,71,,
Guatemala,2013,84,67,62,78,
Guatemala,2012,88,71,71,69,
Guatemala,2011,85,64,64,70,
Guatemala,2010,82,64,57,78,
Guatemala,2009,83,64,66,59,
Guatemala,2008,82,65,63,9,
Guatemala,2007,84,73,61,0,
Guatemala,2006,47,,,,
Guatemala,2004,85,,,,
Guatemala,2003,91,71,,,
Guatemala,2002,84,71,,,
Guatemala,2001,85,69,,,
Guatemala,2000,86,79,,,
Guatemala,1999,81,78,,,
Guatemala,1998,79,61,,,
Guatemala,1997,73,48,,,
Guatemala,1996,81,73,,,
Guatemala,1995,61,73,,,
Guinea,2014,83,66,77,,
Guinea,2013,79,,75,58,
Guinea,2012,82,,80,80,
Guinea,2011,84,64,,7,
Guinea,2010,80,68,,,
Guinea,2009,79,,,82,
Guinea,2008,79,71,58,58,
Guinea,2007,76,40,73,25,
Guinea,2006,76,75,,71,
Guinea,2005,72,60,,,
Guinea,2004,75,56,,,
Guinea,2003,75,58,,,
Guinea,2002,72,61,,,
Guinea,2001,74,65,,,
Guinea,2000,68,72,,,
Guinea,1999,74,66,,,
Guinea,1998,73,60,,,
Guinea,1997,74,46,,,
Guinea,1996,75,36,,,
Guinea,1995,78,67,,,
Guinea-Bissau,2014,81,100,,,
Guinea-Bissau,2013,77,22,,40,
Guinea-Bissau,2012,71,60,,40,
Guinea-Bissau,2011,69,68,,0,
Guinea-Bissau,2010,67,54,,,
Guinea-Bissau,2009,66,64,,,
Guinea-Bissau,2008,66,66,,,
Guinea-Bissau,2007,67,88,,,
Guinea-Bissau,2005,69,77,,,
Guinea-Bissau,2004,73,70,,,
Guinea-Bissau,2003,76,80,,,
Guinea-Bissau,2002,56,66,,,
Guinea-Bissau,2001,56,31,,,
Guinea-Bissau,1999,35,25,,,
Guinea-Bissau,1995,65,,,,
Guyana,2014,69,38,59,,
Guyana,2013,67,47,63,,
Guyana,2012,65,50,55,,
Guyana,2011,65,49,54,100,
Guyana,2010,64,52,51,20,
Guyana,2009,64,51,59,,
Guyana,2008,62,26,57,,
Guyana,2007,65,54,57,,
Guyana,2006,58,31,54,0,
Guyana,2005,55,57,48,,
Guyana,2004,41,100,35,,
Guyana,2003,55,70,,,
Guyana,2002,66,74,,,
Guyana,2001,73,60,,,
Guyana,2000,55,53,,,
Guyana,1999,55,71,,,
Guyana,1997,15,,,,
Guyana,1996,76,,,,
Guyana,1995,44,,,,
Haiti,2014,78,52,67,,
Haiti,2013,81,75,71,83,
Haiti,2012,81,67,70,76,
Haiti,2011,82,72,70,69,
Haiti,2010,79,75,67,69,
Haiti,2009,77,69,65,67,
Haiti,2008,,,,58,
Haiti,2007,77,69,64,,
Haiti,2006,77,66,68,86,
Haiti,2005,77,70,,,
Haiti,2004,73,67,,,
Haiti,2003,75,69,,,
Haiti,2002,75,69,,,
Haiti,2001,73,62,,,
Haiti,2000,71,56,,,
Haiti,1999,67,66,,,
Haiti,1998,67,77,,,
Haiti,1997,71,,,,
Haiti,1996,57,,,,
Haiti,1995,70,,,,
Honduras,2014,89,68,63,,
Honduras,2013,89,81,72,75,
Honduras,2012,89,17,63,40,
Honduras,2011,88,68,69,43,
Honduras,2010,85,75,61,56,
Honduras,2009,86,57,58,40,
Honduras,2008,85,70,68,17,
Honduras,2007,90,100,,0,
Honduras,2006,86,71,,,
Honduras,2005,88,69,,,
Honduras,2004,85,66,,,
Honduras,2003,87,83,,,
Honduras,2002,87,90,,,
Honduras,2001,86,70,,,
Honduras,2000,86,54,,,
Honduras,1999,82,72,,,
Honduras,1998,80,88,,,
Honduras,1997,70,,,,
Honduras,1996,68,,,,
Honduras,1995,64,,,,
Hungary,2014,73,50,100,,
Hungary,2013,74,60,,40,0
Hungary,2012,70,53,,33,50
Hungary,2011,76,58,,43,
Hungary,2010,74,61,,42,
Hungary,2009,67,61,,17,
Hungary,2008,62,56,,,
Hungary,2007,60,51,,50,
Hungary,2006,62,41,,50,
Hungary,2005,63,49,,,
Hungary,2004,66,55,,,
Hungary,2003,48,40,,,
Hungary,2002,55,39,,,
Hungary,2001,46,32,,,
Hungary,2000,64,35,,,
Hungary,1998,80,78,,,
Hungary,1997,75,,,,
Hungary,1996,52,,,,
Iceland,2014,89,,,,
Iceland,2013,91,,,,
Iceland,2012,90,,,,
Iceland,2011,89,100,,,
Iceland,2010,91,,100,,
Iceland,2009,71,100,,,
Iceland,2008,100,,100,,
Iceland,2007,92,50,,,
Iceland,2006,85,,,,
Iceland,2005,100,,100,,
Iceland,2004,91,100,0,,
Iceland,2003,100,,,,
Iceland,2002,100,,,,
Iceland,2001,67,,,,
Iceland,2000,100,100,,,
Iceland,1999,100,50,,,
Iceland,1998,100,,,,
Iceland,1997,75,,,,
Iceland,1996,100,,,,
Iceland,1995,100,,,,
India,2014,74,65,76,,
India,2013,88,66,76,46,33
India,2012,88,74,77,46,32
India,2011,89,75,75,50,
India,2010,89,74,76,48,
India,2009,89,75,74,50,
India,2008,88,74,72,44,
India,2007,88,65,,52,
India,2006,87,72,,,
India,2005,87,71,,,
India,2004,81,73,,,
India,2003,76,70,,,
India,2002,60,72,,,
India,2001,54,58,,,
India,2000,34,70,,,
India,1999,21,69,,,
India,1998,27,72,,,
India,1997,18,65,,,
India,1996,21,67,,,
India,1995,25,70,,,
Indonesia,2014,84,63,56,,
Indonesia,2013,88,64,49,51,40
Indonesia,2012,86,71,49,54,64
Indonesia,2011,88,71,,60,50
Indonesia,2010,89,73,,72,
Indonesia,2009,89,72,,74,
Indonesia,2008,90,72,,,
Indonesia,2007,90,77,,,
Indonesia,2006,90,77,,,
Indonesia,2005,89,78,,,
Indonesia,2004,87,82,,,
Indonesia,2003,87,78,,,
Indonesia,2002,86,78,,,
Indonesia,2001,86,83,,,
Indonesia,2000,87,72,,,
Indonesia,1999,50,70,,,
Indonesia,1998,58,73,,,
Indonesia,1997,54,,,,
Indonesia,1996,81,,,,
Indonesia,1995,91,32,,,
Iran (Islamic Republic of),2014,87,76,63,,
Iran (Islamic Republic of),2013,87,82,66,74,100
Iran (Islamic Republic of),2012,87,84,66,48,
Iran (Islamic Republic of),2011,84,72,59,68,0
Iran (Islamic Republic of),2010,83,69,57,41,
Iran (Islamic Republic of),2009,82,73,61,42,
Iran (Islamic Republic of),2008,83,72,58,36,0
Iran (Islamic Republic of),2007,82,77,65,51,
Iran (Islamic Republic of),2006,83,74,60,23,
Iran (Islamic Republic of),2005,77,76,42,,
Iran (Islamic Republic of),2004,83,74,57,,
Iran (Islamic Republic of),2003,84,77,,,
Iran (Islamic Republic of),2002,85,74,,33,
Iran (Islamic Republic of),2001,85,76,,,
Iran (Islamic Republic of),2000,85,76,,,
Iran (Islamic Republic of),1999,82,72,,,
Iran (Islamic Republic of),1998,82,,,,
Iran (Islamic Republic of),1997,83,76,,,
Iran (Islamic Republic of),1996,83,82,,,
Iraq,2014,92,79,,,
Iraq,2013,88,79,,58,
Iraq,2012,91,81,50,47,
Iraq,2011,90,75,50,64,
Iraq,2010,90,75,0,60,
Iraq,2009,90,84,0,8,
Iraq,2008,89,81,100,55,
Iraq,2007,88,73,,33,
Iraq,2006,86,75,,45,
Iraq,2005,88,72,,,
Iraq,2004,85,71,,,
Iraq,2003,85,80,,,
Iraq,2002,91,75,,,
Iraq,2001,89,75,,,
Iraq,2000,92,,,,
Iraq,1999,62,69,,,
Iraq,1998,60,,,,
Iraq,1997,67,,,,
Iraq,1996,77,,,,
Iraq,1995,80,,,,
Ireland,2014,56,48,47,,
Ireland,2013,59,62,13,33,
Ireland,2012,61,44,20,100,
Ireland,2011,61,54,75,33,
Ireland,2010,74,55,80,,
Ireland,2009,65,62,70,,
Ireland,2008,74,69,43,,
Ireland,2007,73,62,78,11,
Ireland,2006,61,42,43,,
Ireland,2005,71,64,73,,
Ireland,2004,73,58,69,100,
Ireland,2003,70,,,100,
Ireland,2002,77,,,,
Ireland,2001,56,43,,,
Ireland,2000,84,40,,,
Ireland,1999,48,,,,
Israel,2014,89,,73,,
Israel,2013,84,,71,57,0
Israel,2012,81,,75,92,100
Israel,2011,78,50,71,64,
Israel,2010,84,80,36,33,0
Israel,2009,88,67,86,83,
Israel,2008,88,75,58,91,100
Israel,2007,82,100,50,86,
Israel,2006,84,80,83,90,
Israel,2005,86,86,82,88,
Israel,2004,87,85,83,64,
Israel,2003,84,87,65,80,
Israel,2002,87,93,96,63,
Israel,2001,86,71,81,78,
Israel,2000,86,38,79,68,
Israel,1999,85,50,83,50,
Italy,2003,95,100,,,
Italy,2002,79,63,,,
Italy,2001,40,52,,,
Italy,2000,74,46,,,
Italy,1999,71,53,,,
Italy,1998,72,73,,,
Italy,1997,69,75,,,
Italy,1996,82,73,,,
Italy,1995,80,48,,,
Jamaica,2014,18,,5,,
Jamaica,2013,77,,81,,
Jamaica,2012,65,,40,,
Jamaica,2011,44,25,29,100,
Jamaica,2010,36,32,20,,
Jamaica,2009,66,74,62,,
Jamaica,2008,59,67,56,,
Jamaica,2007,63,,53,,
Jamaica,2006,45,80,32,,
Jamaica,2005,53,20,50,,
Jamaica,2004,43,43,15,,
Jamaica,2003,53,73,,,
Jamaica,2002,49,71,,,
Jamaica,2001,,67,,,
Jamaica,2000,45,,,,
Jamaica,1999,74,86,,,
Jamaica,1998,89,90,,,
Jamaica,1997,79,86,,,
Jamaica,1996,72,100,,,
Jamaica,1995,67,67,,,
Japan,2014,53,,38,,
Japan,2013,54,46,40,,
Japan,2012,54,49,30,,
Japan,2011,55,46,33,,
Japan,2010,56,47,33,,
Japan,2009,56,48,29,,
Japan,2008,51,44,33,,
Japan,2007,48,38,,,
Japan,2006,54,45,47,,
Japan,2005,51,45,,,
Japan,2004,49,42,,,
Japan,2003,65,72,,,
Japan,2002,63,71,,,
Japan,2001,58,57,,,
Japan,2000,45,47,,,
Japan,1999,39,41,,,
Japan,1998,80,,,,
Jordan,2014,88,90,,,
Jordan,2013,88,86,,77,
Jordan,2012,90,46,,50,
Jordan,2011,90,80,100,43,
Jordan,2010,90,60,,43,
Jordan,2009,85,79,,50,
Jordan,2008,84,75,,44,
Jordan,2007,84,67,100,78,
Jordan,2006,80,77,,58,
Jordan,2005,83,,,,
Jordan,2004,89,50,,,
Jordan,2003,87,75,,57,
Jordan,2002,89,75,,62,
Jordan,2001,86,60,,,
Jordan,2000,90,100,,,
Jordan,1999,88,73,,,
Jordan,1998,92,50,,,
Jordan,1997,85,,,,
Jordan,1995,92,,,,
Kazakhstan,2014,90,77,71,,
Kazakhstan,2013,89,63,59,72,30
Kazakhstan,2012,86,78,35,73,
Kazakhstan,2011,76,36,41,74,
Kazakhstan,2010,76,47,38,73,
Kazakhstan,2009,78,48,40,73,
Kazakhstan,2008,80,42,45,74,
Kazakhstan,2007,83,53,27,77,
Kazakhstan,2006,83,37,30,81,
Kazakhstan,2005,84,47,42,,
Kazakhstan,2004,84,49,,,
Kazakhstan,2003,75,51,,,
Kazakhstan,2002,78,64,,,
Kazakhstan,2001,78,66,,,
Kazakhstan,2000,79,66,,,
Kazakhstan,1999,79,66,,,
Kazakhstan,1998,79,,,,
Kazakhstan,1997,74,,,,
Kenya,2014,87,78,82,,
Kenya,2013,86,78,79,82,0
Kenya,2012,86,78,83,83,
Kenya,2011,87,82,82,70,
Kenya,2010,86,79,82,82,0
Kenya,2009,84,78,82,69,0
Kenya,2008,84,72,81,61,
Kenya,2007,83,80,81,69,
Kenya,2006,83,79,,100,
Kenya,2005,81,77,,,
Kenya,2004,77,76,,,
Kenya,2003,80,75,,,
Kenya,2002,79,77,,,
Kenya,2001,80,77,,,
Kenya,2000,80,76,,,
Kenya,1999,79,74,,,
Kenya,1998,77,64,,,
Kenya,1997,65,55,,,
Kenya,1996,77,59,,,
Kenya,1995,75,72,,,
Kiribati,2014,87,88,0,,
Kiribati,2013,86,88,,,
Kiribati,2012,89,85,,,
Kiribati,2011,91,74,,,
Kiribati,2010,90,70,,,
Kiribati,2009,93,100,100,,
Kiribati,2008,89,76,,,
Kiribati,2007,87,100,,,
Kiribati,2006,86,80,,,
Kiribati,2005,91,100,,,
Kiribati,2004,89,67,,,
Kiribati,2003,88,100,,,
Kiribati,2002,94,100,,,
Kiribati,2001,86,100,,,
Kiribati,2000,91,89,,,
Kiribati,1999,88,75,,,
Kiribati,1998,83,,,,
Kiribati,1995,87,,,,
Kuwait,2014,97,,100,,
Kuwait,2013,82,,,100,
Kuwait,2012,,,,75,
Kuwait,2011,87,,,,
Kuwait,2010,89,100,,100,
Kuwait,2009,86,100,25,,
Kuwait,2008,83,100,0,25,
Kuwait,2007,84,100,,50,
Kuwait,2006,85,,,60,
Kuwait,2005,80,100,,,
Kuwait,2004,69,100,,50,
Kuwait,2003,62,100,,60,
Kuwait,2002,55,,,60,
Kuwait,2001,73,,,,
Kuwait,2000,69,,,,
Kuwait,1999,66,,,,
Kuwait,1998,70,,,,
Kuwait,1997,71,,,,
Kuwait,1996,73,,,,
Kuwait,1995,71,,,,
Kyrgyzstan,2014,84,79,,,
Kyrgyzstan,2013,85,76,,57,28
Kyrgyzstan,2012,,,,63,
Kyrgyzstan,2011,84,56,0,57,21
Kyrgyzstan,2010,,,,42,14
Kyrgyzstan,2009,89,71,,35,11
Kyrgyzstan,2008,90,70,,50,0
Kyrgyzstan,2007,89,67,,50,
Kyrgyzstan,2006,89,71,,48,
Kyrgyzstan,2005,91,71,,,
Kyrgyzstan,2004,90,74,,,
Kyrgyzstan,2003,84,74,,,
Kyrgyzstan,2002,82,43,,,
Kyrgyzstan,2001,81,76,,,
Kyrgyzstan,2000,82,73,,,
Kyrgyzstan,1999,83,68,,,
Kyrgyzstan,1998,82,,,,
Kyrgyzstan,1997,76,,,,
Kyrgyzstan,1996,50,61,,,
Lao People's Democratic Republic,2014,86,61,57,,
Lao People's Democratic Republic,2013,87,50,,71,
Lao People's Democratic Republic,2012,90,79,,38,
Lao People's Democratic Republic,2011,90,81,,67,0
Lao People's Democratic Republic,2010,91,82,,,
Lao People's Democratic Republic,2009,93,89,,,
Lao People's Democratic Republic,2008,93,90,,,
Lao People's Democratic Republic,2007,92,86,,,
Lao People's Democratic Republic,2006,92,82,,,
Lao People's Democratic Republic,2005,90,87,,,
Lao People's Democratic Republic,2004,86,78,,,
Lao People's Democratic Republic,2003,79,53,,,
Lao People's Democratic Republic,2002,75,68,,,
Lao People's Democratic Republic,2001,75,52,,,
Lao People's Democratic Republic,2000,77,48,,,
Lao People's Democratic Republic,1999,78,61,,,
Lao People's Democratic Republic,1998,80,55,,,
Lao People's Democratic Republic,1997,65,56,,,
Lao People's Democratic Republic,1996,55,48,,,
Lao People's Democratic Republic,1995,70,100,,,
Latvia,2014,83,67,66,,
Latvia,2013,83,81,67,67,73
Latvia,2012,87,50,78,63,53
Latvia,2011,77,51,49,55,42
Latvia,2010,78,62,62,66,62
Latvia,2009,77,45,,59,56
Latvia,2008,77,57,48,62,42
Latvia,2007,83,58,69,61,
Latvia,2006,79,44,73,61,
Latvia,2005,79,51,55,,
Latvia,2004,79,48,56,,
Latvia,2003,74,45,,,
Latvia,2002,76,38,,,
Latvia,2001,73,46,,,
Latvia,2000,72,41,,,
Latvia,1999,74,45,,,
Latvia,1998,71,74,,,
Latvia,1997,65,70,,,
Latvia,1996,64,,,,
Latvia,1995,61,,,,
Lebanon,2014,76,80,33,,
Lebanon,2013,71,,50,86,
Lebanon,2012,71,,0,86,
Lebanon,2011,78,100,44,100,
Lebanon,2010,81,75,0,57,
Lebanon,2009,85,80,40,100,
Lebanon,2008,84,64,60,0,
Lebanon,2007,80,100,33,67,
Lebanon,2006,89,100,50,,
Lebanon,2005,92,100,67,,
Lebanon,2004,90,57,75,,
Lebanon,2003,92,78,,,
Lebanon,2002,91,100,,,
Lebanon,2001,91,29,,,
Lebanon,2000,92,80,,,
Lebanon,1999,96,83,,,
Lebanon,1998,73,,,,
Lebanon,1997,65,,,,
Lebanon,1996,73,,,,
Lebanon,1995,91,,,,
Lesotho,2014,70,59,69,,
Lesotho,2013,70,62,66,63,33
Lesotho,2012,71,63,69,64,
Lesotho,2011,69,58,67,61,
Lesotho,2010,65,58,67,68,
Lesotho,2009,66,62,65,63,
Lesotho,2008,68,62,,65,
Lesotho,2007,59,54,64,60,
Lesotho,2006,62,54,68,,
Lesotho,2005,73,71,,,
Lesotho,2004,57,,,,
Lesotho,2003,70,77,,,
Lesotho,2002,71,,,,
Lesotho,2001,71,64,,,
Lesotho,1999,69,61,,,
Lesotho,1997,63,67,,,
Lesotho,1996,71,64,,,
Lesotho,1995,47,,,,
Liberia,2014,74,49,,,
Liberia,2013,40,64,52,,
Liberia,2012,79,46,72,,
Liberia,2011,87,82,,,
Liberia,2009,86,85,,20,
Liberia,2008,84,88,66,,
Liberia,2007,71,81,,,
Liberia,2005,75,84,,,
Liberia,2004,70,77,,,
Liberia,2003,73,37,,,
Liberia,2002,76,,,,
Liberia,2001,76,64,,,
Liberia,2000,80,61,,,
Liberia,1999,74,53,,,
Liberia,1997,75,56,,,
Liberia,1995,79,,,,
Libya,2014,57,48,26,,
Libya,2013,59,20,27,,
Libya,2012,60,27,34,,
Libya,2011,59,,,,
Libya,2010,61,33,36,,
Libya,2008,70,38,66,,
Libya,2007,64,,59,,
Libya,2006,77,,,,
Libya,2005,69,,,,
Libya,2004,64,,,,
Libya,2003,62,,,,
Libya,2002,61,,,,
Libya,1999,67,,,,
Libya,1998,68,,,,
Libya,1995,65,,,,
Lithuania,2014,81,46,72,,
Lithuania,2013,80,37,43,40,0
Lithuania,2012,80,57,58,41,10
Lithuania,2011,78,33,32,43,0
Lithuania,2010,74,32,25,29,0
Lithuania,2009,77,28,,30,0
Lithuania,2008,77,35,,26,
Lithuania,2007,75,30,,3,
Lithuania,2006,79,36,38,,
Lithuania,2005,79,29,43,,
Lithuania,2004,81,32,38,,
Lithuania,2003,74,32,,36,
Lithuania,2002,71,39,,39,
Lithuania,2001,72,38,,,
Lithuania,2000,73,45,,,
Lithuania,1999,72,43,,,
Lithuania,1998,69,79,,,
Lithuania,1997,65,,,,
Lithuania,1996,78,,,,
Luxembourg,2013,0,,,,
Luxembourg,2010,0,,,,
Luxembourg,1997,100,,,,
Luxembourg,1996,100,,,,
Luxembourg,1995,100,,,,
Madagascar,2014,83,78,,,
Madagascar,2013,82,75,,64,
Madagascar,2012,82,77,,,
Madagascar,2011,83,80,,,
Madagascar,2010,81,74,,,
Madagascar,2009,80,73,,,
Madagascar,2008,80,77,,,
Madagascar,2007,78,75,,,
Madagascar,2006,77,72,,,
Madagascar,2005,74,72,,,
Madagascar,2004,71,68,,,
Madagascar,2003,71,,,,
Madagascar,2002,74,69,,,
Madagascar,2001,69,67,,,
Madagascar,2000,70,,,,
Madagascar,1997,64,62,,,
Madagascar,1995,55,,,,
Malawi,2014,85,75,,,
Malawi,2013,82,,,53,
Malawi,2012,82,57,,63,
Malawi,2011,83,82,,69,
Malawi,2010,83,77,,69,
Malawi,2009,85,85,,67,
Malawi,2008,81,84,,63,
Malawi,2007,84,84,,0,
Malawi,2006,79,80,,,
Malawi,2005,74,75,,,
Malawi,2004,70,73,,,
Malawi,2003,73,70,,,
Malawi,2002,72,71,,,
Malawi,2001,70,69,,,
Malawi,2000,73,67,,,
Malawi,1999,71,71,,,
Malawi,1998,69,65,,,
Malawi,1997,71,71,,,
Malawi,1996,68,64,,,
Malawi,1995,71,69,,,
Malaysia,2014,78,58,52,,
Malaysia,2013,76,46,51,62,0
Malaysia,2012,78,57,46,30,
Malaysia,2011,76,54,44,28,
Malaysia,2010,76,59,38,31,
Malaysia,2009,73,61,,47,
Malaysia,2008,75,61,,59,
Malaysia,2007,71,41,,48,
Malaysia,2006,45,35,,,
Malaysia,2005,66,55,,,
Malaysia,2004,52,35,,,
Malaysia,2003,72,63,,25,
Malaysia,2002,76,,,,
Malaysia,2001,79,,,,
Malaysia,2000,78,,,,
Malaysia,1999,90,,,,
Malaysia,1995,69,,,,
Maldives,2014,37,,,,
Maldives,2013,84,75,,,
Maldives,2012,79,100,0,50,100
Maldives,2011,87,,,25,
Maldives,2010,81,,,,
Maldives,2009,40,0,,,
Maldives,2008,71,,,50,
Maldives,2007,64,,,100,
Maldives,2006,89,80,,,
Maldives,2005,89,100,,,
Maldives,2004,97,80,100,,
Maldives,2003,91,100,,,
Maldives,2002,95,75,,,
Maldives,2001,97,100,,,
Maldives,2000,97,100,,,
Maldives,1999,94,100,,,
Maldives,1998,94,100,,,
Maldives,1997,94,50,,,
Maldives,1996,93,100,,,
Maldives,1995,97,,,,
Mali,2014,73,70,57,,
Mali,2013,74,76,,42,
Mali,2012,93,73,53,67,
Mali,2011,69,69,83,33,
Mali,2010,77,99,,75,
Mali,2009,79,75,,70,
Mali,2008,81,74,74,31,
Mali,2007,77,76,45,14,
Mali,2006,76,68,,,
Mali,2005,75,73,,,
Mali,2004,71,65,,,
Mali,2003,65,59,,,
Mali,2002,50,47,,,
Mali,2001,50,56,,,
Mali,1999,69,,,,
Mali,1998,70,65,,,
Mali,1997,62,,,,
Mali,1996,65,,,,
Mali,1995,59,,,,
Malta,2013,76,,,100,
Malta,2012,24,,50,,
Malta,2011,69,100,,,
Malta,2010,65,67,,,
Malta,2009,76,50,75,,
Malta,2008,74,71,80,,
Malta,2007,78,,100,100,
Malta,2006,100,,100,,
Malta,2005,96,100,,,
Malta,2004,89,100,100,,
Malta,2003,100,,,,
Malta,2002,60,,,,
Malta,2001,100,,,,
Malta,2000,100,100,,,
Malta,1999,75,,,,
Malta,1998,100,100,,,
Malta,1997,100,50,,,
Malta,1996,100,,,,
Malta,1995,100,,,,
Marshall Islands,2014,86,0,,,
Marshall Islands,2013,89,0,0,100,
Marshall Islands,2012,86,100,,75,
Marshall Islands,2011,83,100,,50,
Marshall Islands,2010,84,50,,100,
Marshall Islands,2009,81,88,100,100,
Marshall Islands,2008,88,50,,,
Marshall Islands,2007,85,75,,,
Marshall Islands,2006,63,38,,,
Marshall Islands,2005,62,70,,,
Marshall Islands,2004,89,88,,,
Marshall Islands,2003,90,75,,,
Marshall Islands,2002,100,,,,
Marshall Islands,2001,86,,,,
Marshall Islands,2000,91,,,,
Marshall Islands,1999,82,,,,
Marshall Islands,1998,83,100,,,
Marshall Islands,1995,25,,,,
Mauritania,2014,70,62,,,
Mauritania,2013,71,71,,43,
Mauritania,2012,68,71,,0,
Mauritania,2011,70,53,,,
Mauritania,2010,70,59,,0,
Mauritania,2009,60,62,,22,
Mauritania,2008,68,58,,10,
Mauritania,2007,66,55,,,
Mauritania,2006,41,33,50,,
Mauritania,2005,55,,,,
Mauritania,2004,22,4,,,
Mauritania,2003,58,51,,50,
Mauritius,2014,90,100,60,,
Mauritius,2013,88,,65,,
Mauritius,2012,91,100,40,,
Mauritius,2011,90,80,63,100,
Mauritius,2010,91,86,75,50,
Mauritius,2009,89,60,57,100,
Mauritius,2008,88,50,60,100,
Mauritius,2007,85,50,71,100,
Mauritius,2006,93,100,75,50,
Mauritius,2005,86,80,0,,
Mauritius,2004,89,83,50,,
Mauritius,2003,87,50,,,
Mauritius,2002,92,50,,,
Mauritius,2001,93,50,,,
Mauritius,2000,93,0,,,
Mauritius,1999,87,67,,,
Mauritius,1998,91,75,,,
Mexico,2014,80,53,48,,
Mexico,2013,80,55,48,60,75
Mexico,2012,80,52,57,74,0
Mexico,2011,82,61,62,69,100
Mexico,2010,82,63,58,72,80
Mexico,2009,83,61,62,81,
Mexico,2008,81,62,59,72,
Mexico,2007,80,66,61,70,
Mexico,2006,77,59,57,26,
Mexico,2005,74,55,47,,
Mexico,2004,81,61,53,67,
Mexico,2003,82,33,,,
Mexico,2002,83,58,,,
Mexico,2001,,55,,,
Mexico,2000,76,37,,,
Mexico,1999,78,37,,,
Mexico,1998,75,,,,
Mexico,1997,70,60,,,
Mexico,1996,54,,,,
Mexico,1995,75,,,,
Micronesia (Federated States of),2014,94,0,,,
Micronesia (Federated States of),2013,91,20,,,
Micronesia (Federated States of),2012,,,,100,
Micronesia (Federated States of),2011,93,100,,,
Micronesia (Federated States of),2010,88,30,,100,
Micronesia (Federated States of),2009,81,19,,67,
Micronesia (Federated States of),2008,52,60,,25,
Micronesia (Federated States of),2007,63,25,,0,
Micronesia (Federated States of),2006,90,50,,,
Micronesia (Federated States of),2005,83,100,,,
Micronesia (Federated States of),2004,80,,,,
Micronesia (Federated States of),2003,92,50,,,
Micronesia (Federated States of),2002,91,0,,,
Micronesia (Federated States of),2001,100,75,,,
Micronesia (Federated States of),2000,93,85,,,
Micronesia (Federated States of),1999,95,100,,,
Micronesia (Federated States of),1996,79,,,,
Micronesia (Federated States of),1995,80,100,,,
Monaco,2013,100,,,,100
Mongolia,2014,86,74,75,,
Mongolia,2013,89,79,60,56,
Mongolia,2012,88,77,100,61,
Mongolia,2011,90,74,67,67,
Mongolia,2010,91,80,100,74,
Mongolia,2009,92,73,75,74,
Mongolia,2008,92,73,100,77,
Mongolia,2007,93,76,33,78,
Mongolia,2006,91,72,,66,
Mongolia,2005,91,73,,,
Mongolia,2004,91,70,,,
Mongolia,2003,87,72,,,
Mongolia,2002,87,69,,,
Mongolia,2001,87,72,,,
Mongolia,2000,87,71,,,
Mongolia,1999,86,81,,,
Mongolia,1998,84,77,,,
Mongolia,1997,74,78,,,
Mongolia,1996,78,61,,,
Mongolia,1995,74,61,,,
Montenegro,2014,89,,,,
Montenegro,2013,87,0,100,,
Montenegro,2012,84,,,100,
Montenegro,2011,86,83,,0,0
Montenegro,2010,87,86,0,,
Montenegro,2009,85,73,,100,
Montenegro,2008,83,80,,,
Montenegro,2007,78,57,,0,
Montenegro,2006,44,32,100,67,
Montenegro,2005,26,20,,,
Morocco,2014,86,63,,,
Morocco,2013,89,66,,42,
Morocco,2012,89,50,,33,
Morocco,2011,81,66,,30,
Morocco,2010,88,64,,38,
Morocco,2009,87,69,,40,
Morocco,2008,88,73,,48,
Morocco,2007,88,73,,,
Morocco,2006,88,72,,39,
Morocco,2005,83,72,,,
Morocco,2004,86,,,25,
Morocco,2003,86,70,,,
Morocco,2002,89,74,,,
Morocco,2001,,72,,,
Morocco,2000,89,,,,
Morocco,1999,88,,,,
Morocco,1998,88,83,,,
Morocco,1997,89,72,,,
Morocco,1996,88,72,,,
Morocco,1995,90,76,,,
Mozambique,2014,89,94,,,
Mozambique,2013,88,,,52,
Mozambique,2012,87,0,0,28,0
Mozambique,2011,,,,31,
Mozambique,2010,85,,,29,
Mozambique,2009,85,,,0,
Mozambique,2008,84,65,,36,
Mozambique,2007,79,70,,37,
Mozambique,2006,83,65,,41,
Mozambique,2005,79,70,,,
Mozambique,2004,77,,,,
Mozambique,2003,76,68,,,
Mozambique,2002,78,67,,,
Mozambique,2001,78,68,,,
Mozambique,2000,75,71,,,
Mozambique,1999,71,71,,,
Mozambique,1997,65,64,,,
Mozambique,1996,55,70,,,
Mozambique,1995,39,,,,
Myanmar,2014,87,73,70,,
Myanmar,2013,87,71,,83,
Myanmar,2012,89,70,,79,
Myanmar,2011,88,72,65,71,
Myanmar,2010,88,73,66,70,
Myanmar,2009,84,73,65,73,
Myanmar,2008,84,73,64,,
Myanmar,2007,84,53,62,,
Myanmar,2006,83,70,61,,
Myanmar,2005,83,71,62,,
Myanmar,2004,82,74,,,
Myanmar,2003,81,70,,,
Myanmar,2002,81,75,,,
Myanmar,2001,81,74,,,
Myanmar,2000,82,74,,,
Myanmar,1999,81,71,,,
Myanmar,1998,82,76,,,
Myanmar,1997,82,74,,,
Myanmar,1996,79,78,,,
Myanmar,1995,67,64,,,
Namibia,2014,87,78,80,,
Namibia,2013,86,71,81,64,0
Namibia,2012,85,78,81,68,20
Namibia,2011,86,80,72,59,67
Namibia,2010,85,78,78,58,13
Namibia,2009,80,73,78,42,12
Namibia,2008,81,74,68,51,0
Namibia,2007,77,65,78,28,
Namibia,2006,75,63,59,,
Namibia,2005,69,52,,,
Namibia,2004,46,53,,,
Namibia,2003,63,58,,,
Namibia,2002,66,65,,,
Namibia,2001,63,64,,,
Namibia,2000,56,55,,,
Namibia,1999,51,48,,,
Namibia,1998,61,53,,,
Namibia,1997,58,62,,,
Namibia,1996,66,63,,,
Nauru,2014,100,100,,,
Nauru,2013,67,,,,
Nauru,2010,40,,,,
Nauru,2009,100,100,,,
Nauru,2008,100,,100,,
Nauru,2007,100,100,,,
Nauru,2006,58,,,,
Nauru,2005,82,,,,
Nauru,2002,50,,,,
Nauru,2001,100,,,,
Nauru,2000,25,,,,
Nauru,1999,50,0,,,
Nauru,1998,83,,,,
Nepal,2014,92,87,73,,
Nepal,2013,91,74,,71,
Nepal,2012,91,77,,76,
Nepal,2011,91,85,0,72,31
Nepal,2010,91,85,,75,
Nepal,2009,91,85,,72,
Nepal,2008,90,76,,64,
Nepal,2007,88,82,,73,
Nepal,2006,89,84,,,
Nepal,2005,89,83,,,
Nepal,2004,88,81,,,
Nepal,2003,87,80,,,
Nepal,2002,86,82,,,
Nepal,2001,87,80,,,
Nepal,2000,84,77,,,
Nepal,1999,82,78,,,
Nepal,1998,85,77,,,
Nepal,1997,69,78,,,
Nepal,1996,65,56,,,
Nepal,1995,73,,,,
Netherlands,2014,85,70,76,,
Netherlands,2013,88,75,76,100,
Netherlands,2012,83,64,,73,
Netherlands,2011,84,80,77,65,
Netherlands,2010,84,76,83,64,
Netherlands,2009,84,74,74,60,
Netherlands,2008,84,74,88,93,
Netherlands,2007,81,73,,100,
Netherlands,2006,,,85,,
Netherlands,2005,87,79,76,,
Netherlands,2004,82,69,,70,
Netherlands,2003,86,65,,69,
Netherlands,2002,68,43,,,
Netherlands,2000,76,50,,,
Netherlands,1999,79,62,,,
Netherlands,1998,65,85,,,
Netherlands,1997,80,85,,,
Netherlands,1996,81,74,,,
Netherlands,1995,72,,,,
New Zealand,2014,82,33,100,,
New Zealand,2013,84,80,,100,
New Zealand,2012,81,80,100,25,
New Zealand,2011,64,50,50,50,
New Zealand,2010,80,73,100,33,100
New Zealand,2009,80,67,67,43,
New Zealand,2008,80,91,50,,
New Zealand,2007,86,65,100,50,
New Zealand,2006,77,90,78,,
New Zealand,2005,73,67,83,,
New Zealand,2004,71,63,67,,
New Zealand,2003,,60,,0,
New Zealand,2002,60,67,,100,
New Zealand,2001,9,,,,
New Zealand,2000,30,30,,,
Nicaragua,2014,85,78,,,
Nicaragua,2013,84,69,,78,
Nicaragua,2012,87,,,90,
Nicaragua,2011,86,69,84,30,
Nicaragua,2010,85,76,,,
Nicaragua,2009,85,76,,38,
Nicaragua,2008,89,97,,21,
Nicaragua,2007,86,78,,0,
Nicaragua,2006,89,,,,
Nicaragua,2005,85,83,,,
Nicaragua,2004,87,79,,,
Nicaragua,2003,84,68,,,
Nicaragua,2002,82,77,,,
Nicaragua,2001,83,72,,,
Nicaragua,2000,82,75,,,
Nicaragua,1999,81,81,,,
Nicaragua,1998,82,81,,,
Nicaragua,1997,81,79,,,
Nicaragua,1996,79,75,,,
Nicaragua,1995,80,78,,,
Niger,2014,79,63,62,,
Niger,2013,79,73,,81,
Niger,2012,77,67,,86,100
Niger,2011,80,76,,86,0
Niger,2010,81,75,,87,0
Niger,2009,79,76,,85,
Niger,2008,79,79,,87,
Niger,2007,79,75,,85,
Niger,2006,77,74,,,
Niger,2005,74,,,,
Niger,2004,61,,,,
Niger,2003,70,,,,
Niger,2002,58,,,,
Niger,2001,64,,,,
Niger,2000,65,,,,
Niger,1999,60,58,,,
Niger,1997,66,50,,,
Niger,1996,57,61,,,
Nigeria,2014,87,83,79,,
Nigeria,2013,86,83,80,77,0
Nigeria,2012,86,83,79,62,
Nigeria,2011,85,82,73,63,
Nigeria,2010,81,82,,61,
Nigeria,2009,84,81,80,,
Nigeria,2008,78,76,,,
Nigeria,2007,82,67,,,
Nigeria,2006,76,77,,,
Nigeria,2005,75,66,,,
Nigeria,2004,73,73,,,
Nigeria,2003,78,,,,
Nigeria,2002,79,73,,,
Nigeria,2001,79,71,,,
Nigeria,2000,79,71,,,
Nigeria,1999,75,74,,,
Nigeria,1998,73,,,,
Nigeria,1997,73,,,,
Nigeria,1996,32,71,,,
Nigeria,1995,49,,,,
Niue,2002,100,,,,
Niue,1999,100,100,,,
Norway,2014,84,80,77,,
Norway,2013,89,79,75,83,
Norway,2012,79,75,100,33,
Norway,2011,88,79,,75,
Norway,2010,89,73,,50,
Norway,2009,86,80,,63,
Norway,2008,87,72,,50,
Norway,2007,71,56,,67,
Norway,2006,88,55,,,
Norway,2005,91,78,,,
Norway,2004,88,89,,,
Norway,2003,97,50,,100,
Norway,2002,80,75,,71,
Norway,2001,87,100,,,
Norway,2000,70,33,,,
Norway,1999,77,100,,,
Norway,1998,69,84,,,
Norway,1997,44,78,,,
Norway,1996,80,71,,,
Norway,1995,77,,,,
Oman,2014,96,,100,,
Oman,2013,96,,100,100,
Oman,2012,97,100,100,83,50
Oman,2011,98,67,100,100,
Oman,2010,98,100,100,100,
Oman,2009,98,100,100,100,
Oman,2008,97,100,88,100,
Oman,2007,93,100,43,100,
Oman,2006,88,100,70,33,
Oman,2005,94,,70,,
Oman,2004,93,,,,
Oman,2003,90,100,,,
Oman,2002,92,100,,,
Oman,2001,90,67,,,
Oman,2000,93,86,,,
Oman,1999,95,,,,
Oman,1998,86,100,,,
Oman,1997,91,50,,,
Oman,1996,87,50,,,
Oman,1995,84,,,,
Pakistan,2014,93,82,,,
Pakistan,2013,93,80,81,69,30
Pakistan,2012,91,81,,71,32
Pakistan,2011,92,80,,70,43
Pakistan,2010,90,84,,70,50
Pakistan,2009,91,82,79,61,
Pakistan,2008,89,79,,,
Pakistan,2007,90,79,,,
Pakistan,2006,86,77,,,
Pakistan,2005,82,76,,,
Pakistan,2004,80,78,,,
Pakistan,2003,79,66,,,
Pakistan,2002,78,66,,,
Pakistan,2001,77,,,,
Pakistan,2000,74,54,,,
Pakistan,1999,70,75,,,
Pakistan,1998,23,92,,,
Pakistan,1997,67,57,,,
Pakistan,1995,70,70,,,
Palau,2014,57,,,,
Palau,2013,88,,0,,
Palau,2012,100,,,,
Palau,2011,63,,0,,
Palau,2010,84,,,,
Palau,2009,84,,,,
Palau,2006,67,,,,
Palau,2005,100,,,,
Palau,2004,100,,,,
Palau,2003,80,,,,
Palau,2002,38,,,,
Palau,2001,100,,,,
Palau,1998,100,,,,
Palau,1996,75,,,,
Palau,1995,67,,,,
Panama,2014,79,49,68,,
Panama,2013,80,48,68,50,
Panama,2012,80,49,63,42,
Panama,2011,81,59,66,29,
Panama,2010,75,56,55,33,
Panama,2009,79,48,57,25,
Panama,2008,76,46,62,20,
Panama,2007,77,49,58,33,
Panama,2006,78,57,60,40,
Panama,2005,78,58,58,,
Panama,2004,75,57,46,30,
Panama,2003,63,54,,73,
Panama,2002,71,55,,50,
Panama,2001,64,49,,,
Panama,2000,60,43,,,
Panama,1999,44,40,,,
Panama,1998,52,40,,,
Panama,1997,52,27,,,
Panama,1995,69,,,,
Papua New Guinea,2014,70,63,,,
Papua New Guinea,2013,67,57,,,
Papua New Guinea,2012,68,56,,55,
Papua New Guinea,2011,69,52,,14,
Papua New Guinea,2010,50,46,,39,
Papua New Guinea,2009,67,58,,,
Papua New Guinea,2008,64,,,,
Papua New Guinea,2007,59,,,,
Papua New Guinea,2006,71,,,10,
Papua New Guinea,2005,66,55,,,
Papua New Guinea,2004,60,53,,,
Papua New Guinea,2003,58,47,,,
Papua New Guinea,2002,53,51,,,
Papua New Guinea,2001,67,60,,,
Papua New Guinea,2000,63,65,,,
Papua New Guinea,1999,54,60,,,
Papua New Guinea,1998,63,53,,,
Papua New Guinea,1997,93,67,,,
Papua New Guinea,1995,56,,,,
Paraguay,2014,71,51,39,,
Paraguay,2013,68,48,34,33,
Paraguay,2012,70,54,30,57,
Paraguay,2011,71,67,41,100,
Paraguay,2010,70,60,39,50,
Paraguay,2009,74,56,41,71,
Paraguay,2008,71,60,51,63,
Paraguay,2007,71,70,28,75,
Paraguay,2006,65,70,31,,
Paraguay,2005,65,70,31,,
Paraguay,2004,68,,,14,
Paraguay,2003,76,81,,75,
Paraguay,2002,75,81,,,
Paraguay,2001,72,64,,,
Paraguay,2000,66,59,,,
Paraguay,1999,71,,,,
Paraguay,1998,56,,,,
Paraguay,1996,16,,,,
Paraguay,1995,51,,,,
Peru,2014,87,74,68,,
Peru,2013,79,59,57,55,66
Peru,2012,67,,67,60,38
Peru,2011,74,,42,54,30
Peru,2010,68,,44,60,22
Peru,2009,81,70,53,39,18
Peru,2008,82,,60,38,13
Peru,2007,92,81,61,23,
Peru,2006,78,73,64,,
Peru,2005,91,78,52,,
Peru,2004,90,79,49,100,
Peru,2003,89,80,,,
Peru,2002,92,83,,,
Peru,2001,90,79,,,
Peru,2000,90,78,,,
Peru,1999,93,81,,,
Peru,1998,92,83,,,
Peru,1997,90,,,,
Peru,1996,89,74,,,
Peru,1995,83,,,,
Philippines,2014,92,83,52,,
Philippines,2013,90,86,,49,50
Philippines,2012,88,,,43,10
Philippines,2011,87,65,,41,67
Philippines,2010,90,69,,42,
Philippines,2009,85,61,0,54,
Philippines,2008,84,70,,53,
Philippines,2007,88,72,,63,
Philippines,2006,88,80,,,
Philippines,2005,89,,,,
Philippines,2004,78,53,,,
Philippines,2003,88,76,,,
Philippines,2002,88,,,,
Philippines,2001,88,,,,
Philippines,2000,88,,,,
Philippines,1999,87,,,,
Philippines,1998,71,83,,,
Philippines,1997,78,26,,,
Philippines,1996,35,66,,,
Philippines,1995,60,,,,
Poland,2014,58,49,,,
Poland,2013,59,42,,22,0
Poland,2012,60,45,,13,
Poland,2011,62,54,,35,0
Poland,2010,67,61,,50,100
Poland,2009,68,62,,57,0
Poland,2008,75,66,79,47,67
Poland,2007,78,66,56,59,
Poland,2006,77,52,60,44,
Poland,2005,78,53,,,
Poland,2004,46,23,67,,
Poland,2003,78,70,,,
Poland,2002,86,73,,,
Poland,2001,76,71,,,
Poland,2000,72,77,,,
Poland,1999,69,68,,,
Poland,1998,75,,,,
Poland,1996,83,,,,
Portugal,2014,72,60,57,,
Portugal,2013,74,56,54,57,50
Portugal,2012,78,77,60,47,50
Portugal,2011,77,61,61,52,56
Portugal,2010,74,66,54,34,33
Portugal,2009,83,69,,21,
Portugal,2008,87,77,64,,
Portugal,2007,85,72,68,32,
Portugal,2006,87,77,68,,
Portugal,2005,87,74,66,,
Portugal,2004,83,68,63,55,
Portugal,2003,84,73,,49,
Portugal,2002,82,75,,,
Portugal,2001,78,62,,,
Portugal,2000,79,75,,,
Portugal,1999,85,80,,,
Portugal,1998,74,75,,,
Portugal,1997,78,,,,
Portugal,1996,74,68,,,
Portugal,1995,69,55,,,
Qatar,2013,85,,,,
Qatar,2011,70,,,,
Qatar,2010,87,,,33,
Qatar,2009,86,,,0,
Qatar,2008,88,,100,0,0
Qatar,2007,87,,,0,
Qatar,2006,69,,,0,
Qatar,2005,83,,,,
Qatar,2004,78,100,,,
Qatar,2003,73,,,,
Qatar,2002,75,,,,
Qatar,2001,60,,,,
Qatar,2000,66,,,,
Qatar,1999,74,,,,
Qatar,1998,84,,,,
Qatar,1997,79,,,,
Qatar,1996,72,,,,
Qatar,1995,81,67,,,
Republic of Korea,2014,81,69,,,
Republic of Korea,2013,82,74,,59,56
Republic of Korea,2012,81,76,,60,41
Republic of Korea,2011,81,74,,59,45
Republic of Korea,2010,89,79,80,,
Republic of Korea,2009,83,71,50,,
Republic of Korea,2008,84,76,,,
Republic of Korea,2007,83,72,,,
Republic of Korea,2006,82,72,,,
Republic of Korea,2005,83,75,,,
Republic of Korea,2004,81,71,,,
Republic of Korea,2003,82,69,,,
Republic of Korea,2002,83,68,,,
Republic of Korea,2001,79,53,,,
Republic of Korea,2000,83,60,,,
Republic of Korea,1999,82,,,,
Republic of Korea,1997,82,,,,
Republic of Korea,1996,71,53,,,
Republic of Korea,1995,76,40,,,
Republic of Moldova,2014,79,47,53,,
Republic of Moldova,2013,80,39,52,57,
Republic of Moldova,2012,76,39,47,59,
Republic of Moldova,2011,73,38,34,54,
Republic of Moldova,2010,67,32,30,49,
Republic of Moldova,2009,69,34,29,,
Republic of Moldova,2008,71,34,30,48,
Republic of Moldova,2007,74,36,35,52,
Republic of Moldova,2006,73,43,,,
Republic of Moldova,2005,74,41,,,
Republic of Moldova,2004,70,38,,,
Republic of Moldova,2003,65,37,,,
Republic of Moldova,2002,54,37,,,
Republic of Moldova,2001,64,57,,,
Republic of Moldova,2000,63,0,,,
Republic of Moldova,1999,60,,,,
Romania,2014,85,45,69,,
Romania,2013,85,45,58,41,16
Romania,2012,85,45,60,34,7
Romania,2011,86,59,61,26,18
Romania,2010,84,55,58,20,7
Romania,2009,87,57,70,16,0
Romania,2008,86,53,66,16,6
Romania,2007,86,52,65,19,
Romania,2006,85,51,65,24,
Romania,2005,85,51,69,,
Romania,2004,82,50,67,38,
Romania,2003,80,47,,,
Romania,2002,74,47,,62,
Romania,2001,75,44,,,
Romania,2000,70,44,,,
Romania,1999,77,49,,,
Romania,1998,42,89,,,
Romania,1997,72,65,,,
Romania,1996,41,,,,
Romania,1995,51,,,,
Russian Federation,2014,69,42,,,
Russian Federation,2013,68,39,,48,26
Russian Federation,2012,69,37,,40,26
Russian Federation,2011,65,42,,37,
Russian Federation,2010,66,34,,43,
Russian Federation,2009,68,34,,,
Russian Federation,2008,69,36,,51,
Russian Federation,2007,69,36,,,
Russian Federation,2006,69,47,,,
Russian Federation,2005,67,37,,,
Russian Federation,2004,65,39,,,
Russian Federation,2003,61,45,,,
Russian Federation,2002,67,46,,,
Russian Federation,2001,67,48,,,
Russian Federation,2000,68,49,,,
Russian Federation,1999,65,45,,,
Russian Federation,1998,68,49,,,
Russian Federation,1997,67,,,,
Russian Federation,1996,57,64,,,
Russian Federation,1995,65,58,,,
Rwanda,2014,86,80,,,
Rwanda,2013,85,75,76,81,
Rwanda,2012,84,79,77,98,
Rwanda,2011,84,80,,91,
Rwanda,2010,82,74,,89,
Rwanda,2009,79,72,,88,
Rwanda,2008,82,73,,91,
Rwanda,2007,80,70,,87,
Rwanda,2006,77,72,,86,
Rwanda,2005,74,65,,,
Rwanda,2004,77,,,,
Rwanda,2003,67,55,,,
Rwanda,2002,58,44,,,
Rwanda,2000,61,54,,,
Rwanda,1999,67,48,,,
Rwanda,1998,72,64,,,
Rwanda,1997,68,58,,,
Rwanda,1996,61,41,,,
Saint Kitts and Nevis,2012,100,,,,
Saint Kitts and Nevis,2011,100,,,,
Saint Kitts and Nevis,2010,100,,,,
Saint Kitts and Nevis,2009,80,,,,
Saint Kitts and Nevis,2008,80,,,,
Saint Kitts and Nevis,2007,25,,0,,
Saint Kitts and Nevis,2006,100,,,,
Saint Kitts and Nevis,2005,,50,,,
Saint Kitts and Nevis,2004,0,0,,,
Saint Kitts and Nevis,2002,0,,,,
Saint Kitts and Nevis,1999,50,0,,,
Saint Kitts and Nevis,1998,25,,,,
Saint Kitts and Nevis,1995,60,,,,
Saint Lucia,2013,100,,,,
Saint Lucia,2012,64,,100,,
Saint Lucia,2011,57,,0,,
Saint Lucia,2010,89,,,,
Saint Lucia,2009,50,33,0,,
Saint Lucia,2008,95,0,75,,
Saint Lucia,2007,86,100,50,,
Saint Lucia,2006,81,,,,
Saint Lucia,2005,69,,,,
Saint Lucia,2004,69,50,,,
Saint Lucia,2003,89,80,,,
Saint Lucia,2002,25,44,,,
Saint Lucia,2001,50,100,,,
Saint Lucia,2000,100,100,,,
Saint Lucia,1999,89,100,,,
Saint Lucia,1998,82,,,,
Saint Lucia,1997,67,80,,,
Saint Vincent and the Grenadines,2011,41,,40,,
Saint Vincent and the Grenadines,2010,0,,0,,
Saint Vincent and the Grenadines,2009,0,0,0,,
Saint Vincent and the Grenadines,2008,91,0,83,,
Saint Vincent and the Grenadines,2006,57,0,,,
Saint Vincent and the Grenadines,2004,86,,90,,
Saint Vincent and the Grenadines,2002,,0,,,
Saint Vincent and the Grenadines,2001,80,,,,
Saint Vincent and the Grenadines,2000,100,100,,,
Saint Vincent and the Grenadines,1999,88,0,,,
Saint Vincent and the Grenadines,1997,86,,,,
Samoa,2014,78,0,,,
Samoa,2013,83,,,,
Samoa,2012,86,,,0,
Samoa,2011,83,,,,
Samoa,2010,86,,,100,
Samoa,2009,83,,,,
Samoa,2008,59,,,0,
Samoa,2007,81,100,,100,
Samoa,2005,96,,,,
Samoa,2004,79,,,,
Samoa,2002,84,,,,
Samoa,2001,77,,,,
Samoa,2000,92,,,,
Samoa,1999,94,,,,
Samoa,1998,86,,,,
Samoa,1996,100,100,,,
Samoa,1995,80,,,,
San Marino,2003,,100,,,
San Marino,2000,0,,,,
San Marino,1997,100,100,,,
Sao Tome and Principe,2014,74,56,54,,
Sao Tome and Principe,2013,73,,60,83,
Sao Tome and Principe,2012,70,42,61,80,
Sao Tome and Principe,2011,69,31,47,100,
Sao Tome and Principe,2010,76,50,15,,
Sao Tome and Principe,2009,85,67,50,,
Sao Tome and Principe,2008,92,67,50,,
Sao Tome and Principe,2007,89,60,33,,
Sao Tome and Principe,2006,99,67,,,
Sao Tome and Principe,2005,96,,0,,
Sao Tome and Principe,2004,71,95,,,
Sao Tome and Principe,2003,71,,,,
Sao Tome and Principe,2002,76,,,,
Sao Tome and Principe,2001,63,,,,
Sao Tome and Principe,2000,78,,,,
Sao Tome and Principe,1999,81,83,,,
Saudi Arabia,2014,62,33,27,,
Saudi Arabia,2013,56,39,17,,
Saudi Arabia,2012,64,45,19,25,
Saudi Arabia,2011,61,63,19,,
Saudi Arabia,2010,61,50,26,,
Saudi Arabia,2009,65,60,11,33,
Saudi Arabia,2008,61,44,5,,
Saudi Arabia,2007,67,62,7,43,
Saudi Arabia,2006,68,63,,,
Saudi Arabia,2005,67,49,,,
Saudi Arabia,2004,82,61,,,
Saudi Arabia,2003,79,69,,,
Saudi Arabia,2002,76,67,,,
Saudi Arabia,2001,77,65,,,
Saudi Arabia,2000,73,58,,,
Saudi Arabia,1999,73,61,,,
Saudi Arabia,1998,62,,,,
Saudi Arabia,1997,56,,,,
Saudi Arabia,1996,54,,,,
Senegal,2014,87,79,71,,
Senegal,2013,87,74,44,,
Senegal,2012,84,69,70,76,
Senegal,2011,83,68,,70,
Senegal,2010,82,60,,90,
Senegal,2009,81,71,,,
Senegal,2008,79,75,,,
Senegal,2007,68,67,,,
Senegal,2006,76,65,,,
Senegal,2005,76,63,,,
Senegal,2004,74,57,,,
Senegal,2003,70,61,,,
Senegal,2002,66,49,,,
Senegal,2001,53,43,,,
Senegal,2000,52,48,,,
Senegal,1999,58,45,,,
Senegal,1998,48,54,,,
Senegal,1997,55,55,,,
Senegal,1996,44,62,,,
Senegal,1995,44,56,,,
Serbia,2014,81,50,78,,
Serbia,2013,78,69,84,77,
Serbia,2012,84,73,100,50,100
Serbia,2011,86,78,83,64,100
Serbia,2010,88,76,58,80,
Serbia,2009,87,74,80,60,
Serbia,2008,88,76,,,
Serbia,2007,83,73,44,,
Serbia,2006,82,74,80,,
Serbia,2005,83,73,67,,
Seychelles,2014,69,,0,,
Seychelles,2013,79,,100,,
Seychelles,2012,85,,67,,
Seychelles,2011,48,,50,,
Seychelles,2010,76,,50,,
Seychelles,2009,73,,33,,
Seychelles,2008,100,,,,
Seychelles,2007,86,,100,,
Seychelles,2004,89,67,100,,
Seychelles,2003,100,,,,
Seychelles,2002,45,,,,
Seychelles,2001,67,,,,
Seychelles,2000,82,,,,
Seychelles,1999,91,,,,
Seychelles,1997,100,,,,
Seychelles,1996,100,,,,
Seychelles,1995,89,,,,
Sierra Leone,2014,85,62,,,
Sierra Leone,2013,87,71,,,
Sierra Leone,2012,90,81,,,
Sierra Leone,2011,87,70,,,
Sierra Leone,2010,86,75,,,
Sierra Leone,2009,80,69,,,
Sierra Leone,2008,86,85,,,
Sierra Leone,2007,88,90,,,
Sierra Leone,2006,86,82,,,
Sierra Leone,2005,86,75,,,
Sierra Leone,2004,82,73,,,
Sierra Leone,2003,83,77,,,
Sierra Leone,2002,81,62,,,
Sierra Leone,2001,80,69,,,
Sierra Leone,2000,77,,,,
Sierra Leone,1999,75,,,,
Sierra Leone,1997,79,74,,,
Sierra Leone,1996,74,79,,,
Sierra Leone,1995,69,87,,,
Singapore,2014,78,,82,,
Singapore,2013,77,75,86,27,
Singapore,2012,75,74,87,55,
Singapore,2011,83,76,75,83,
Singapore,2010,81,78,90,100,
Singapore,2009,83,76,73,100,
Singapore,2008,82,70,,100,
Singapore,2007,82,82,,75,
Singapore,2006,82,76,,67,
Singapore,2005,81,79,,,
Singapore,2004,79,74,,50,
Singapore,2003,77,70,,60,
Singapore,2002,76,70,,100,
Singapore,2001,77,,,,
Singapore,2000,71,,,,
Singapore,1999,93,,,,
Singapore,1998,84,82,,,
Singapore,1995,86,,,,
Slovakia,2014,88,71,,,
Slovakia,2013,94,67,,0,
Slovakia,2012,88,100,,0,
Slovakia,2011,93,88,,33,
Slovakia,2010,88,84,100,,
Slovakia,2009,87,82,,,
Slovakia,2008,91,86,,25,
Slovakia,2007,89,86,,29,
Slovakia,2006,87,60,,50,
Slovakia,2005,93,87,100,,
Slovakia,2004,89,93,,100,
Slovakia,2003,87,85,,75,
Slovakia,2002,85,81,,50,
Slovakia,2001,87,74,,,
Slovakia,2000,82,78,,,
Slovakia,1999,79,68,,,
Slovakia,1998,85,85,,,
Slovakia,1997,67,74,,,
Slovakia,1996,73,,,,
Slovakia,1995,64,,,,
Slovenia,2014,77,50,,,
Slovenia,2013,77,100,,,
Slovenia,2012,81,,,,
Slovenia,2011,81,100,,,
Slovenia,2010,82,64,100,,
Slovenia,2009,84,88,,,
Slovenia,2008,79,60,,50,
Slovenia,2007,84,83,,,
Slovenia,2006,83,75,100,,
Slovenia,2005,82,85,,,
Slovenia,2004,83,74,100,,
Slovenia,2003,85,93,,100,
Slovenia,2002,85,71,,,
Slovenia,2001,82,80,,,
Slovenia,2000,84,75,,,
Slovenia,1999,88,69,,,
Slovenia,1998,78,80,,,
Slovenia,1997,82,,,,
Slovenia,1996,87,68,,,
Slovenia,1995,90,,,,
Solomon Islands,2014,91,0,,,
Solomon Islands,2013,94,100,,,
Solomon Islands,2012,88,91,,,
Solomon Islands,2011,91,100,,,
Solomon Islands,2010,89,80,,,
Solomon Islands,2009,88,100,,,
Solomon Islands,2008,93,100,,,
Solomon Islands,2007,90,100,,,
Solomon Islands,2006,88,100,,,
Solomon Islands,2005,88,60,,,
Solomon Islands,2004,85,92,,,
Solomon Islands,2003,87,100,,,
Solomon Islands,2002,90,100,,,
Solomon Islands,2001,89,,,,
Solomon Islands,2000,81,,,,
Solomon Islands,1998,92,83,,,
Solomon Islands,1997,92,100,,,
Solomon Islands,1996,73,,,,
Solomon Islands,1995,65,,,,
Somalia,2014,86,59,,,
Somalia,2013,86,43,69,77,
Somalia,2012,88,71,,,
Somalia,2011,86,72,,,
Somalia,2010,74,62,,,
Somalia,2009,63,60,0,,
Somalia,2008,81,52,,,
Somalia,2007,86,,,,
Somalia,2006,89,78,,,
Somalia,2005,89,80,,,
Somalia,2004,91,90,,,
Somalia,2003,90,85,,,
Somalia,2002,89,59,,,
Somalia,2001,86,,,,
Somalia,2000,83,54,,,
Somalia,1999,88,80,,,
Somalia,1998,88,85,,,
Somalia,1997,90,91,,,
Somalia,1996,84,82,,,
Somalia,1995,86,,,,
South Africa,2014,78,63,76,,
South Africa,2013,78,69,76,48,24
South Africa,2012,77,64,74,49,20
South Africa,2011,77,66,73,45,15
South Africa,2010,53,35,,40,17
South Africa,2009,68,60,,42,19
South Africa,2008,73,64,,48,28
South Africa,2007,71,64,,42,
South Africa,2006,70,67,,,
South Africa,2005,69,58,,,
South Africa,2004,65,56,,,
South Africa,2003,67,52,,,
South Africa,2002,68,53,,49,
South Africa,2001,61,50,,,
South Africa,2000,63,50,,,
South Africa,1999,57,46,,,
South Africa,1998,72,71,,,
South Africa,1997,68,68,,,
South Africa,1996,61,67,,,
South Africa,1995,58,,,,
South Sudan,2014,71,69,71,,
South Sudan,2013,72,58,62,,
South Sudan,2012,52,40,39,,
South Sudan,2011,69,57,66,,
South Sudan,2010,70,57,25,,
Spain,2014,58,52,39,,
Spain,2013,75,67,58,,
Spain,2012,71,60,60,,
Spain,2011,72,56,55,,
Spain,2010,69,56,51,,
Sri Lanka,2014,84,63,63,,
Sri Lanka,2013,85,62,24,50,
Sri Lanka,2012,86,59,18,88,
Sri Lanka,2011,88,75,71,83,
Sri Lanka,2010,88,77,50,100,
Sri Lanka,2009,87,73,71,50,
Sri Lanka,2008,87,70,100,13,
Sri Lanka,2007,88,72,75,25,
Sri Lanka,2006,87,71,,38,
Sri Lanka,2005,87,72,,,
Sri Lanka,2004,85,68,,,
Sri Lanka,2003,80,64,,,
Sri Lanka,2002,81,60,,,
Sri Lanka,2001,80,58,,,
Sri Lanka,2000,79,64,,,
Sri Lanka,1999,79,61,,,
Sri Lanka,1998,76,62,,,
Sri Lanka,1997,76,59,,,
Sri Lanka,1996,80,,,,
Sri Lanka,1995,79,,,,
Sudan,2014,82,,,,
Sudan,2013,82,71,,64,0
Sudan,2012,75,64,,62,
Sudan,2011,68,55,,53,
Sudan,2010,75,68,,50,
Sudan,2009,76,70,,36,
Sudan,2008,77,75,40,,
Sudan,2007,74,79,,,
Sudan,2006,83,80,83,,
Sudan,2005,79,81,,,
Sudan,2004,78,79,,,
Sudan,2003,82,81,,,
Sudan,2002,78,77,,,
Sudan,2001,80,75,,,
Sudan,2000,75,,,,
Sudan,1999,80,,,,
Sudan,1998,65,58,,,
Sudan,1997,59,54,,,
Sudan,1996,26,,,,
Sudan,1995,79,,,,
Suriname,2014,77,33,68,,
Suriname,2013,77,20,65,,
Suriname,2012,66,75,56,,
Suriname,2011,76,64,72,,
Suriname,2010,54,55,47,,
Suriname,2009,62,50,47,,
Suriname,2008,54,33,43,,
Suriname,2004,70,17,35,,
Suriname,2003,69,,,,
Suriname,2002,67,,,,
Suriname,2001,56,0,,,
Suriname,2000,68,,,,
Suriname,1999,77,,,,
Suriname,1998,63,,,,
Suriname,1995,14,,,,
Swaziland,2014,78,66,78,,
Swaziland,2013,75,66,71,60,60
Swaziland,2012,72,65,70,,
Swaziland,2011,72,59,69,58,0
Swaziland,2010,72,50,68,57,
Swaziland,2009,67,55,67,66,
Swaziland,2008,65,48,61,17,
Swaziland,2007,51,37,48,,
Swaziland,2006,38,28,,,
Swaziland,2005,36,28,,,
Swaziland,2004,36,15,,,
Swaziland,2003,42,,,,
Swaziland,2002,47,29,,,
Swaziland,2001,36,35,,,
Sweden,2014,88,87,,,
Sweden,2013,90,82,,75,50
Sweden,2012,83,73,,83,100
Sweden,2011,87,78,,75,
Sweden,2010,88,81,,94,
Sweden,2009,88,71,,85,
Sweden,2008,90,78,,91,100
Sweden,2007,68,67,,80,
Sweden,2006,63,,,100,
Sweden,2005,69,75,,,
Sweden,2004,64,57,,,
Sweden,2003,83,82,,67,
Sweden,2002,73,46,,75,
Sweden,2001,62,43,,,
Sweden,2000,79,78,,,
Syrian Arab Republic,2014,70,69,,,
Syrian Arab Republic,2013,80,75,100,100,
Syrian Arab Republic,2012,53,62,80,0,
Syrian Arab Republic,2011,84,70,71,58,
Syrian Arab Republic,2010,91,81,100,53,0
Syrian Arab Republic,2009,90,70,,56,
Syrian Arab Republic,2008,87,76,,73,0
Syrian Arab Republic,2007,88,72,,50,
Syrian Arab Republic,2006,88,71,,73,
Syrian Arab Republic,2005,89,67,,,
Syrian Arab Republic,2004,88,66,,52,
Syrian Arab Republic,2003,88,64,,59,
Syrian Arab Republic,2002,87,56,,53,
Syrian Arab Republic,2001,81,42,,,
Syrian Arab Republic,2000,78,54,,,
Syrian Arab Republic,1999,84,,,,
Syrian Arab Republic,1998,88,,,,
Syrian Arab Republic,1997,65,50,,,
Syrian Arab Republic,1996,68,75,,,
Syrian Arab Republic,1995,61,,,,
Tajikistan,2014,89,82,,,
Tajikistan,2013,88,82,66,60,75
Tajikistan,2012,83,75,57,66,100
Tajikistan,2011,87,71,44,64,
Tajikistan,2010,86,72,55,62,
Tajikistan,2009,87,72,,71,
Tajikistan,2008,88,76,,,
Tajikistan,2007,88,75,,,
Tajikistan,2006,66,73,,,
Tajikistan,2005,80,76,,,
Tajikistan,2004,67,74,,,
Tajikistan,2003,46,67,,,
Tajikistan,2002,79,,,,
Tajikistan,2001,72,56,,,
Tajikistan,2000,77,,,,
Tajikistan,1997,75,,,,
Tajikistan,1996,82,,,,
Tajikistan,1995,88,,,,
Thailand,2014,80,63,67,,
Thailand,2013,81,66,67,,
Thailand,2012,81,63,70,,
Thailand,2011,82,69,72,,
Thailand,2010,83,66,69,,
Thailand,2009,84,68,70,,
Thailand,2008,80,66,69,,
Thailand,2007,81,70,66,,
Thailand,2006,75,62,58,,
Thailand,2005,71,58,,,
Thailand,2004,71,56,,,
Thailand,2003,73,62,,,
Thailand,2002,74,62,,,
Thailand,2001,75,49,,,
Thailand,2000,69,,,,
Thailand,1999,77,68,,,
Thailand,1998,68,55,,,
Thailand,1997,58,55,,,
Thailand,1996,78,57,,,
Thailand,1995,64,,,,
The former Yugoslav republic of Macedonia,2014,87,100,0,,
The former Yugoslav republic of Macedonia,2013,91,100,,50,
The former Yugoslav republic of Macedonia,2012,86,78,,67,100
The former Yugoslav republic of Macedonia,2011,89,78,,100,
The former Yugoslav republic of Macedonia,2010,85,65,,14,0
The former Yugoslav republic of Macedonia,2009,89,79,,0,
The former Yugoslav republic of Macedonia,2008,89,71,100,0,
The former Yugoslav republic of Macedonia,2007,89,65,100,22,
The former Yugoslav republic of Macedonia,2006,83,60,,33,
The former Yugoslav republic of Macedonia,2005,77,57,100,,
The former Yugoslav republic of Macedonia,2004,81,87,,100,
The former Yugoslav republic of Macedonia,2003,84,71,,33,
The former Yugoslav republic of Macedonia,2002,81,69,,,
The former Yugoslav republic of Macedonia,2001,89,54,,,
The former Yugoslav republic of Macedonia,2000,86,,,,
The former Yugoslav republic of Macedonia,1999,83,76,,,
The former Yugoslav republic of Macedonia,1998,77,,,,
The former Yugoslav republic of Macedonia,1996,80,,,,
The former Yugoslav republic of Macedonia,1995,70,,,,
Timor-Leste,2014,84,66,,,
Timor-Leste,2013,84,91,,50,
Timor-Leste,2012,89,90,,75,
Timor-Leste,2011,91,77,,100,
Timor-Leste,2010,28,86,,50,
Timor-Leste,2009,,,,0,
Timor-Leste,2008,85,71,,,
Timor-Leste,2007,84,75,,,
Timor-Leste,2006,79,80,,,
Timor-Leste,2005,82,96,,,
Timor-Leste,2004,80,88,,,
Timor-Leste,2003,81,65,,,
Timor-Leste,2002,81,,,,
Togo,2014,88,76,,,
Togo,2013,88,82,0,56,
Togo,2012,86,83,,100,
Togo,2011,85,78,,25,
Togo,2010,85,82,79,,
Togo,2009,83,71,73,50,
Togo,2008,82,75,72,,
Togo,2007,77,62,,100,
Togo,2006,67,,67,,
Togo,2005,71,75,,,
Togo,2004,66,61,,,
Togo,2003,63,50,,,
Togo,2002,68,65,,,
Togo,2001,59,52,,,
Togo,1999,76,,,,
Togo,1998,69,,,,
Togo,1997,66,,,,
Togo,1996,65,65,,,
Togo,1995,60,33,,,
Tonga,2014,100,,,,
Tonga,2013,90,,,,
Tonga,2012,100,,,,
Tonga,2011,100,,,,
Tonga,2010,90,,,,
Tonga,2009,88,,,,
Tonga,2008,92,,,,
Tonga,2007,96,,,,
Tonga,2006,100,,,,
Tonga,2005,74,,,,
Tonga,2002,83,100,,,
Tonga,2001,92,100,,,
Tonga,2000,93,100,,,
Tonga,1999,80,100,,,
Tonga,1998,94,,,,
Tonga,1997,75,,,,
Tonga,1996,82,,,,
Tonga,1995,75,100,,,
Trinidad and Tobago,2014,64,29,44,,
Trinidad and Tobago,2013,62,33,34,71,
Trinidad and Tobago,2012,63,37,46,,
Trinidad and Tobago,2011,69,35,51,,
Trinidad and Tobago,2010,71,64,43,,
Trinidad and Tobago,2009,66,68,,,
Trinidad and Tobago,2008,63,36,44,,
Trinidad and Tobago,2007,61,29,40,,
Trinidad and Tobago,2006,54,44,32,,
Trinidad and Tobago,2005,68,57,38,,
Trinidad and Tobago,2004,59,50,39,,
Trinidad and Tobago,2003,73,,,,
Trinidad and Tobago,2001,72,,,,
Trinidad and Tobago,2000,68,68,,,
Trinidad and Tobago,1999,63,36,,,
Trinidad and Tobago,1998,65,75,,,
Trinidad and Tobago,1997,75,,,,
Trinidad and Tobago,1996,75,,,,
Trinidad and Tobago,1995,69,,,,
Tunisia,2014,91,64,100,,
Tunisia,2013,91,86,100,79,
Tunisia,2012,89,88,93,73,
Tunisia,2011,78,79,100,75,0
Tunisia,2010,85,,,75,
Tunisia,2009,83,,,82,100
Tunisia,2008,86,,100,75,
Tunisia,2007,89,,,,
Tunisia,2006,91,,,,
Tunisia,2005,90,,,,
Tunisia,2004,90,80,,,
Tunisia,2003,91,74,,,
Tunisia,2002,92,75,,,
Tunisia,2001,90,,,,
Tunisia,2000,91,74,,,
Tunisia,1999,91,74,,,
Tunisia,1998,91,,,,
Tunisia,1997,89,,,,
Turkey,2014,87,50,66,,
Turkey,2013,86,38,53,65,33
Turkey,2012,88,66,51,66,67
Turkey,2011,90,68,66,66,100
Turkey,2010,89,69,64,67,67
Turkey,2009,90,73,0,66,
Turkey,2008,91,75,,68,
Turkey,2007,91,76,,65,
Turkey,2006,91,76,,71,
Turkey,2005,88,70,,,
Turkey,2004,81,,,,
Turkey,2003,72,65,,,
Turkey,2002,65,,,,
Turkey,2001,72,,,,
Turkey,2000,73,,,,
Turkey,1998,66,,,,
Turkey,1996,71,,,,
Turkmenistan,2013,72,26,,,
Turkmenistan,2012,84,63,,,
Turkmenistan,2011,87,53,,,
Turkmenistan,2010,87,53,,,
Turkmenistan,2009,84,,,,
Turkmenistan,2008,89,81,,,
Turkmenistan,2007,87,41,,,
Turkmenistan,2006,90,73,,,
Turkmenistan,2005,89,68,,,
Turkmenistan,2004,91,,,,
Turkmenistan,2003,71,62,,,
Turkmenistan,2002,74,63,,,
Turkmenistan,2001,64,70,,,
Turkmenistan,2000,81,75,,,
Turkmenistan,1999,60,,,,
Turkmenistan,1997,59,,,,
Turkmenistan,1996,64,,,,
Turkmenistan,1995,73,,,,
Tuvalu,2014,47,,,,
Tuvalu,2013,78,,,,
Tuvalu,2012,70,,,100,
Tuvalu,2011,83,,,,
Tuvalu,2010,93,,,,
Tuvalu,2009,83,,,,
Tuvalu,2008,88,,82,,
Tuvalu,2007,74,,,,
Tuvalu,2006,78,,,,
Tuvalu,2005,86,,,,
Tuvalu,2004,100,,,,
Tuvalu,2002,25,,,,
Tuvalu,2000,86,,,,
Tuvalu,1999,100,,,,
Tuvalu,1997,0,,,,
Uganda,2014,75,67,73,,
Uganda,2013,75,67,73,73,
Uganda,2012,77,66,,80,
Uganda,2011,73,71,,77,
Uganda,2010,68,65,,90,
Uganda,2009,64,70,,100,
Uganda,2008,67,79,,75,
Uganda,2007,72,81,,,
Uganda,2006,68,76,,,
Uganda,2005,73,,,,
Uganda,2004,70,68,,,
Uganda,2003,68,60,,,
Uganda,2002,60,55,,,
Uganda,2001,56,63,,,
Uganda,2000,63,64,,,
Uganda,1999,61,48,,,
Uganda,1998,62,60,,,
Uganda,1997,40,58,,,
Uganda,1996,33,32,,,
Uganda,1995,44,,,,
Ukraine,2014,72,66,35,,
Ukraine,2013,71,55,44,39,
Ukraine,2012,71,51,,34,
Ukraine,2011,67,34,,34,
Ukraine,2010,69,46,,29,
Ukraine,2009,60,47,,27,
Ukraine,2008,71,41,42,,
Ukraine,2007,71,55,,,
Ukraine,2006,70,43,,,
Ukraine,1996,43,,,,
Ukraine,1995,83,,,,
United Arab Emirates,2014,80,0,0,,
United Arab Emirates,2013,75,67,50,,
United Arab Emirates,2012,76,67,50,50,
United Arab Emirates,2011,69,33,33,100,
United Arab Emirates,2010,72,67,25,,
United Arab Emirates,2009,69,,,100,
United Arab Emirates,2008,70,100,,,
United Arab Emirates,2007,75,40,0,100,
United Arab Emirates,2006,92,75,,,
United Arab Emirates,2005,77,80,,,
United Arab Emirates,2004,71,,,,
United Arab Emirates,2003,64,0,,,
United Arab Emirates,2002,79,,,,
United Arab Emirates,2001,62,,,,
United Arab Emirates,2000,74,,,,
United Arab Emirates,1998,93,,,,
United Kingdom of Great Britain and Northern Ireland,2014,81,72,,,
United Kingdom of Great Britain and Northern Ireland,2013,82,75,,65,33
United Kingdom of Great Britain and Northern Ireland,2012,80,72,,54,0
United Kingdom of Great Britain and Northern Ireland,2011,79,74,,51,0
United Kingdom of Great Britain and Northern Ireland,2010,81,70,,45,33
United Kingdom of Great Britain and Northern Ireland,2009,81,74,,41,0
United Kingdom of Great Britain and Northern Ireland,2008,77,67,,51,0
United Kingdom of Great Britain and Northern Ireland,2007,76,65,,35,
United Kingdom of Great Britain and Northern Ireland,2006,74,65,,47,
United Kingdom of Great Britain and Northern Ireland,2005,71,60,,58,
United Kingdom of Great Britain and Northern Ireland,2004,71,60,,49,
United Kingdom of Great Britain and Northern Ireland,2003,71,64,,15,
United Kingdom of Great Britain and Northern Ireland,2002,70,59,,11,
United Kingdom of Great Britain and Northern Ireland,2001,67,60,,,
United Republic of Tanzania,2014,90,81,87,,
United Republic of Tanzania,2013,91,79,72,68,
United Republic of Tanzania,2012,90,80,77,73,
United Republic of Tanzania,2011,88,82,78,75,
United Republic of Tanzania,2010,89,84,86,75,
United Republic of Tanzania,2009,88,83,86,63,
United Republic of Tanzania,2008,88,82,73,,
United Republic of Tanzania,2007,88,82,87,,
United Republic of Tanzania,2006,85,78,,,
United Republic of Tanzania,2005,83,77,,,
United Republic of Tanzania,2004,82,76,,,
United Republic of Tanzania,2003,81,75,,,
United Republic of Tanzania,2002,80,77,,,
United Republic of Tanzania,2001,81,76,,,
United Republic of Tanzania,2000,78,73,,,
United Republic of Tanzania,1999,78,74,,,
United Republic of Tanzania,1998,76,73,,,
United Republic of Tanzania,1997,77,75,,,
United Republic of Tanzania,1996,76,75,,,
United Republic of Tanzania,1995,73,76,,,
United States of America,2014,85,79,80,,
United States of America,2013,83,78,75,79,100
United States of America,2012,84,80,75,59,
United States of America,2011,80,,71,79,60
United States of America,2010,66,,63,70,0
United States of America,2009,62,,56,63,
United States of America,2008,86,,78,67,
United States of America,2007,85,,82,85,
United States of America,2006,84,,49,72,
United States of America,2005,83,,54,,
United States of America,2004,84,,47,61,
United States of America,2003,83,,,,
United States of America,2002,83,,,,
United States of America,2001,83,,,,
United States of America,2000,83,,,,
United States of America,1999,82,,,,
United States of America,1998,81,,,,
United States of America,1997,79,,,,
United States of America,1996,79,,,,
United States of America,1995,76,,,,
Uruguay,2014,75,88,51,,
Uruguay,2013,79,67,61,100,
Uruguay,2012,78,71,50,100,
Uruguay,2011,84,79,64,100,
Uruguay,2010,84,76,57,100,
Uruguay,2009,77,56,45,100,
Uruguay,2008,82,72,53,,
Uruguay,2007,83,73,54,50,
Uruguay,2006,82,76,55,100,
Uruguay,2005,79,73,49,,
Uruguay,2004,,,56,,
Uruguay,2003,,73,,,
Uruguay,2002,82,83,,,
Uruguay,2001,85,,,,
Uruguay,2000,85,,,,
Uruguay,1999,83,,,,
Uruguay,1998,84,70,,,
Uruguay,1997,77,85,,,
Uruguay,1996,80,87,,,
Uruguay,1995,68,76,,,
Uzbekistan,2014,87,81,,,
Uzbekistan,2013,83,78,,53,
Uzbekistan,2012,84,72,62,49,14
Uzbekistan,2011,85,72,66,53,13
Uzbekistan,2010,86,73,59,58,0
Uzbekistan,2009,86,69,54,61,20
Uzbekistan,2008,86,72,61,66,50
Uzbekistan,2007,81,75,51,55,
Uzbekistan,2006,86,77,35,,
Uzbekistan,2005,85,69,77,,
Uzbekistan,2004,89,81,,,
Uzbekistan,2003,85,68,,,
Uzbekistan,2002,80,61,,,
Uzbekistan,2001,76,,,,
Uzbekistan,2000,80,74,,,
Uzbekistan,1999,79,66,,,
Uzbekistan,1998,78,,,,
Uzbekistan,1995,78,,,,
Vanuatu,2014,87,100,,,
Vanuatu,2013,85,,,,
Vanuatu,2012,91,100,,,
Vanuatu,2011,82,100,,,
Vanuatu,2010,81,100,,,
Vanuatu,2009,93,100,,,
Vanuatu,2008,94,0,,,
Vanuatu,2007,86,,,,
Vanuatu,2006,84,,,,
Vanuatu,2005,82,,,,
Vanuatu,2004,95,100,,,
Vanuatu,2003,75,100,,,
Vanuatu,2002,79,100,,,
Vanuatu,2001,88,,,,
Vanuatu,2000,88,100,,,
Vanuatu,1999,88,100,,,
Vanuatu,1996,99,,,,
Vanuatu,1995,85,,,,
Venezuela (Bolivarian Republic of),2014,80,73,79,,
Venezuela (Bolivarian Republic of),2013,81,59,80,53,50
Venezuela (Bolivarian Republic of),2012,82,72,72,52,0
Venezuela (Bolivarian Republic of),2011,80,80,80,57,75
Venezuela (Bolivarian Republic of),2010,82,83,,48,67
Venezuela (Bolivarian Republic of),2009,84,80,70,52,
Venezuela (Bolivarian Republic of),2008,83,84,81,60,
Venezuela (Bolivarian Republic of),2007,82,79,73,70,
Venezuela (Bolivarian Republic of),2006,82,77,79,75,
Venezuela (Bolivarian Republic of),2005,83,80,62,,
Venezuela (Bolivarian Republic of),2004,81,80,50,70,
Venezuela (Bolivarian Republic of),2003,82,70,,56,
Venezuela (Bolivarian Republic of),2002,82,78,,,
Venezuela (Bolivarian Republic of),2001,78,,,,
Venezuela (Bolivarian Republic of),2000,76,,,,
Venezuela (Bolivarian Republic of),1999,82,,,,
Venezuela (Bolivarian Republic of),1998,81,,,,
Venezuela (Bolivarian Republic of),1997,72,,,,
Venezuela (Bolivarian Republic of),1996,80,,,,
Venezuela (Bolivarian Republic of),1995,74,,,,
Viet Nam,2014,91,76,75,,
Viet Nam,2013,89,,71,69,
Viet Nam,2012,91,,72,71,
Viet Nam,2011,93,82,74,72,
Viet Nam,2010,92,69,71,78,
Viet Nam,2009,92,73,,73,0
Viet Nam,2008,92,83,,,
Viet Nam,2007,91,82,,,
Viet Nam,2006,92,83,,,
Viet Nam,2005,92,83,,,
Viet Nam,2004,92,84,,,
Viet Nam,2003,92,85,,,
Viet Nam,2002,92,85,,,
Viet Nam,2001,93,85,,,
Viet Nam,2000,92,79,,,
Viet Nam,1999,92,87,,,
Viet Nam,1998,92,84,,,
Viet Nam,1997,85,80,,,
Viet Nam,1996,89,84,,,
Viet Nam,1995,89,81,,,
Yemen,2014,86,66,,,
Yemen,2013,90,62,,67,
Yemen,2012,88,43,,,
Yemen,2011,89,67,,,
Yemen,2010,87,,,,
Yemen,2009,88,77,,,
Yemen,2008,85,76,,,
Yemen,2007,84,71,,,
Yemen,2006,83,73,,,
Yemen,2005,80,58,,,
Yemen,2004,82,69,,,
Yemen,2003,82,62,,,
Yemen,2002,80,70,,,
Yemen,2001,76,66,,,
Yemen,2000,72,72,,,
Yemen,1999,74,70,,,
Yemen,1998,67,72,,,
Yemen,1997,70,37,,,
Yemen,1996,52,54,,,
Yemen,1995,52,43,,,
Zambia,2014,85,80,,,
Zambia,2013,85,80,,33,
Zambia,2012,85,79,,27,
Zambia,2011,88,,,29,
Zambia,2010,89,,,36,
Zambia,2009,90,86,,,
Zambia,2008,85,80,82,,
Zambia,2007,83,81,81,,
Zambia,2006,84,81,80,,
Zambia,2005,86,83,,,
Zambia,2004,83,78,,,
Zambia,2003,75,78,,,
Zambia,2002,80,76,,,
Zambia,2001,74,90,,,
Zambia,2000,67,67,,,
Zambia,1999,69,72,,,
Zambia,1995,70,,,,
Zimbabwe,2014,81,51,68,,
Zimbabwe,2013,80,,,59,
Zimbabwe,2012,81,,,75,
Zimbabwe,2011,80,78,,81,
Zimbabwe,2010,76,74,,67,
Zimbabwe,2009,75,80,,100,
Zimbabwe,2008,70,73,,,
Zimbabwe,2007,78,50,,,
Zimbabwe,2006,67,57,,,
Zimbabwe,2005,66,60,,,
Zimbabwe,2004,48,53,,,
Zimbabwe,2003,66,62,,,
Zimbabwe,2002,67,63,,,
Zimbabwe,2001,71,61,,,
Zimbabwe,2000,69,65,,,
Zimbabwe,1999,73,66,,,
Zimbabwe,1998,70,,,,
Zimbabwe,1997,69,,,,
Zimbabwe,1996,32,,,,
Zimbabwe,1995,53,,,,
